country_name,country_code,continent,LifeExpNo_00_1975,LifeExp_00_1975,LE_00_1975,LifeExpNo_00_2010,LifeExp_00_2010,LE_00_2010,LifeExpNo_45_2080,LifeExp_45_2080,LE_45_2080,LifeExpNo_85_2080,LifeExp_85_2080,LE_85_2080
Afghanistan,AFG,Asia,40.100329113017196,40.09116572628274,0.9990836613265544,60.85077439008769,60.802055784331486,0.9951281394243793,74.61962632618612,74.42833037259635,0.9808704046410227,74.61962632618612,74.32290964916253,0.9703283322976404
Angola,AGO,Africa,41.19088071213546,41.177520980623605,0.9986640268488145,56.7257965927687,56.638350758408905,0.9912554165640202,71.3796949248336,71.01635486218953,0.9636659937355929,71.3796949248336,70.9115334652254,0.9531838540391803
Albania,ALB,Europe,68.32751085221453,68.31800942414392,0.9990498571929394,77.93585439904999,77.9016280966195,0.9965773697569518,88.53117122841972,88.42961219278581,0.9898440964366089,88.53117122841972,88.36286359073458,0.9831692362314854
United Arab Emirates,ARE,Asia,65.08006384324267,65.05978172498061,0.9979717881737941,78.33347240848633,78.16337252939663,0.9829900120910295,88.90616289064998,88.07614659124863,0.916998370059865,88.90616289064998,87.79138235710221,0.8885219466452228
Argentina,ARG,Americas,67.08063678319621,67.07468758002507,0.9994050796828858,75.7207733779683,75.70560457897948,0.9984831201011175,86.31614134274905,86.2734529480203,0.9957311605271257,86.31614134274905,86.25035358086033,0.9934212238111286
Armenia,ARM,Asia,64.96165973632868,64.88778438282968,0.9926124646500994,73.15973254701275,72.87163869350742,0.971190614649467,84.38456389610822,83.52008822538387,0.9135524329275654,84.38456389610822,82.8227292572763,0.8438165361168075
Australia,AUS,Oceania,72.78596591769752,72.77974777823098,0.9993781860533459,82.05500723633403,82.03478420663268,0.9979776970298644,90.55258846431553,90.47408243142387,0.9921493967108332,90.55258846431553,90.4385062046696,0.988591774035406
Austria,AUT,Europe,71.32733776360696,71.31428110762833,0.998694334402137,80.46426157790732,80.41154862741806,0.9947287049510735,89.90650198320806,89.75152332101902,0.9845021337810962,89.90650198320806,89.64873469898906,0.9742232715781001
Azerbaijan,AZE,Asia,60.336947182105106,60.278055440386346,0.9941108258281239,69.52913807814245,69.29745176152346,0.9768313683381009,81.45646355844983,80.80937328674133,0.9352909728291507,81.45646355844983,80.34887155967584,0.8892408001226016
Burundi,BDI,Africa,42.982281690480505,42.95259223502251,0.9970310544542003,57.080854513810806,56.91015879677811,0.9829304282967307,71.00752922586571,70.29301837616144,0.9285489150295732,71.00752922586571,70.09539948595643,0.9087870260090725
Belgium,BEL,Europe,71.96265575743894,71.95602843075797,0.999337267331903,80.03304538179987,80.00468278199608,0.9971637400196215,89.57112630797278,89.44268411992877,0.9871557811955995,89.57112630797278,89.34067787326892,0.9769551565296141
Benin,BEN,Africa,44.680536906098425,44.64798720295914,0.9967450296860718,58.36265355374333,58.25239936616084,0.9889745812417509,69.16970835754454,68.7549145750471,0.958520621750256,69.16970835754454,68.73700113296469,0.9567292775420156
Burkina Faso,BFA,Africa,42.306988126572904,42.28276990657887,0.9975781780005967,56.47679240538613,56.37378921009666,0.9896996804710533,69.42554309198405,69.01735515255193,0.9591812060567875,69.42554309198405,68.98241708935176,0.9556873997367703
Bangladesh,BGD,Asia,50.291878852241915,50.28401694116952,0.9992138088927603,68.63842672994599,68.6288595211348,0.9990432791188809,85.2971386944075,85.22403777885572,0.9926899084448223,85.2971386944075,85.17402254116404,0.9876883846756541
Bulgaria,BGR,Europe,71.03645279830246,70.97112454043973,0.9934671742137269,73.83484144496525,73.64887183979917,0.9814030394833921,84.34913871616506,83.83473394352131,0.9485595227356256,84.34913871616506,83.45005355084243,0.9100914834677368
Bahamas,BHS,Americas,67.22141386021875,67.219167674774,0.9997753814555252,72.73141799457537,72.68173274538833,0.9950314750812964,82.70967509073142,82.51025622005533,0.9800581129323902,82.70967509073142,82.48129026894533,0.9771615178213906
Bosnia and Herzegovina,BIH,Europe,69.40535822327114,69.3870968386214,0.9981738615350266,77.07289504078983,77.01905326156276,0.9946158220772929,86.17372928339162,86.03354992296109,0.9859820639569463,86.17372928339162,85.93772367286594,0.976399438947432
Belarus,BLR,Europe,70.90838419262836,70.5163258823847,0.9607941689756345,71.12194597007586,70.25616687768431,0.9134220907608451,84.12708074113503,81.45626495246674,0.7329184211331707,84.12708074113503,79.2432456849796,0.5116164943844567
Belize,BLZ,Americas,65.94210278668766,65.93779790256183,0.999569511587417,72.27162680995713,72.25794533694531,0.9986318526988185,83.83816986931656,83.75250841352468,0.9914338544208121,83.83816986931656,83.70073900212428,0.9862569132807721
Bolivia (Plurinational State of),BOL,Americas,48.82606078604989,48.81911197782205,0.999305119177216,66.16238321542414,66.12431904856278,0.996193583313864,78.17917853385096,78.0248099429301,0.9845631409079146,78.17917853385096,77.9568500340932,0.9777671500242235
Brazil,BRA,Americas,59.35304746914013,59.35187372166301,0.9998826252522882,73.18207891331775,73.175515024087,0.9993436110769253,85.7641543191324,85.72488606258648,0.9960731743454077,85.7641543191324,85.7095194835907,0.9945365164458295
Brunei Darussalam,BRN,Asia,67.10706567526022,67.10355929102047,0.9996493615760258,74.84920454003176,74.80326486422729,0.9954060324195524,83.5087516344821,83.30378627890683,0.9795034644424732,83.5087516344821,83.26300198157614,0.9754250347094043
Bhutan,BTN,Asia,44.08952581348653,44.081493325476444,0.9991967511989912,68.4297920793838,68.39252277473676,0.9962730695352959,83.45778942998233,83.1806643689664,0.9722874938984077,83.45778942998233,83.05147487993018,0.9593685449947855
Botswana,BWA,Africa,57.99802952119313,57.94965229165491,0.9951622770461774,60.013313079839975,59.889619968946334,0.987630688910636,72.9664078108352,72.39471201289172,0.9428304202056523,72.9664078108352,72.17368614434886,0.9207278333513671
Central African Republic,CAF,Africa,47.913065566749076,47.85186879344813,0.9938803226699058,49.254900597788414,49.14280869059981,0.9887908092811394,65.29501059307616,64.75227457366027,0.9457263980584116,65.29501059307616,64.67741794407763,0.9382407351001476
Canada,CAN,Americas,73.45098051687107,73.4311732655708,0.9980192748699735,81.34689384110949,81.28846480070901,0.9941570959599517,90.19022667960056,90.00101119588219,0.9810784516281629,90.19022667960056,89.86983272360347,0.967960604400291
Switzerland,CHE,Europe,74.79158320164315,74.78567902542082,0.999409582377767,82.28308734821137,82.26257717923752,0.9979489831026157,91.17725140634518,91.12016799202473,0.9942916585679555,91.17725140634518,91.08270539341672,0.9905453987071539
Chile,CHL,Americas,66.27921193004009,66.2680503661038,0.9988838436063702,78.50154646136147,78.4635488093952,0.9962002348033735,89.50810231226755,89.3507521762442,0.9842649863976647,89.50810231226755,89.2623376468545,0.9754235334586951
China,CHN,Asia,60.916963071057786,60.90477995262033,0.9987816881562545,75.5990893076573,75.5553438070209,0.9956254499363609,87.75523727359658,87.51426244261391,0.9759025169017335,87.75523727359658,87.37656559710557,0.9621328323508991
Côte d'Ivoire,CIV,Africa,48.34607320498514,48.3167226498616,0.9970649444876465,55.02253732006928,54.925067413122726,0.9902530093053443,68.16845403463573,67.70160226057992,0.9533148225944188,68.16845403463573,67.6654415738157,0.9496987539179969
Cameroon,CMR,Africa,49.71750474892288,49.68883181060637,0.9971327061683496,56.5820181125164,56.480322616286045,0.9898304503769644,69.92354775583966,69.45453835661006,0.9530990600770395,69.92354775583966,69.4055981250675,0.9482050369227835
"Congo, Democratic Republic of the",COD,Africa,44.471435708775836,44.4451381799881,0.9973702471212263,56.41668321088012,56.34003525761198,0.9923352046731857,69.20372129300141,68.8881757902788,0.9684454497277386,69.20372129300141,68.81331007045965,0.9609588777458242
Congo,COG,Africa,55.32280909733591,55.29684344400596,0.9974034346670045,61.68326577064016,61.61355972371842,0.9930293953078255,70.55764583524018,70.23764390138446,0.9679998066144279,70.55764583524018,70.20236193441951,0.9644716099179333
Colombia,COL,Americas,64.27016100980201,64.26908215815862,0.9998921148356615,75.03273376578585,75.02582069198748,0.9993086926201628,86.41172271174057,86.3684875092309,0.9956764797490336,86.41172271174057,86.35180622627882,0.9940083514538258
Costa Rica,CRI,Americas,69.39993940335916,69.39890957513292,0.9998970171773763,78.67038354697107,78.65932294567004,0.9988939398698975,88.81677631984604,88.75290393422232,0.9936127614376276,88.81677631984604,88.7401554221849,0.9923379102338856
Cuba,CUB,Americas,71.07880559933022,71.0770431907822,0.9998237591451982,77.66103808870093,77.64848824097704,0.998745015227611,86.76862856041082,86.68848505401603,0.9919856493605209,86.76862856041082,86.65112588658998,0.9882497326179163
Cyprus,CYP,Asia,70.51765583796609,70.51207031837326,0.9994414480407172,79.6649677090151,79.62967231643552,0.9964704607420416,89.44945076292404,89.27428018203558,0.9824829419111538,89.44945076292404,89.16369700399862,0.9714246241074577
Czechia,CZE,Europe,70.48589928921321,70.4427266468217,0.9956827357608489,77.57033542936392,77.4114672359805,0.9841131806616573,87.16836850182389,86.73618555807884,0.9567817056254952,87.16836850182389,86.41613754223947,0.9247769040415577
Germany,DEU,Europe,71.5205061927638,71.51544686837673,0.9994940675612923,80.08638467109519,80.06705109383012,0.9980666422734927,89.29717319422036,89.23993650334269,0.9942763309122327,89.29717319422036,89.1933981857687,0.9896224991548337
Djibouti,DJI,Africa,49.87048662008538,49.849984420308544,0.9979497800223165,60.25873807024637,60.11010745077804,0.9851369380531665,73.80018997015695,73.14362152141109,0.9343431551254142,73.80018997015695,73.01589435123532,0.9215704381078368
Denmark,DNK,Europe,74.10091212811443,74.09662197194803,0.9995709843833595,79.24590824636215,79.2200883101576,0.9974180063795458,89.17950393531544,89.07338428082906,0.9893880345513623,89.17950393531544,88.99424981979719,0.9814745884481753
Dominican Republic,DOM,Americas,59.23559322922216,59.232920370983145,0.9997327141760983,72.09329148388092,72.07212140096752,0.99788299170866,84.03244905694966,83.90662952444598,0.9874180467496316,84.03244905694966,83.85125150131721,0.9818802444367549
Algeria,DZA,Africa,46.97223786419921,46.97023534685363,0.9997997482654419,73.80809092781163,73.7871780438813,0.9979087116069664,86.71632282034027,86.62077471374383,0.9904451893403561,86.71632282034027,86.57680179116124,0.9860478970820978
Ecuador,ECU,Americas,60.23175435210105,60.229570359167234,0.9997816007066185,75.43008286280434,75.40776402029016,0.9977681157485818,86.63483107418493,86.52986595591011,0.9895034881725181,86.63483107418493,86.49496860311748,0.9860137528932554
Egypt,EGY,Africa,52.59074197630266,52.58759952113143,0.9996857544828771,69.66383958468,69.65111735159167,0.998727776691166,80.90031901451943,80.85194624103576,0.9951627226516336,80.90031901451943,80.82248777555048,0.9922168761031059
Eritrea,ERI,Africa,42.239905293220595,42.19361573828356,0.9953710445062967,63.7865564024703,63.42644124469818,0.9639884842227879,79.30514137914136,77.76018544041138,0.8455044061270016,79.30514137914136,77.34301482607223,0.8037873446930874
Western Sahara,ESH,Africa,36.452704881621095,36.452704881621095,1.0,67.49255491651402,67.49255491651402,1.0,80.30603968322879,80.30603968322879,1.0,80.30603968322879,80.30603968322879,1.0
Spain,ESP,Europe,73.4944883016492,73.49044745846591,0.9995959156816709,82.0214463914411,82.00483607825859,0.9983389686817489,90.95858379056897,90.90744564146671,0.9948861850897742,90.95858379056897,90.8747308898077,0.9916147099238728
Estonia,EST,Europe,69.76444901420174,69.6423076239155,0.9877858609713754,75.74847612186855,75.14994576167628,0.9401469639807729,87.05705353843426,85.24572433971629,0.818867080128203,87.05705353843426,83.8407880983004,0.6783734559866132
Ethiopia,ETH,Africa,39.35613371659939,39.34258957126552,0.9986455854666133,59.72995924002071,59.57844067699883,0.9848481436978119,77.69444956855901,76.96360994359284,0.9269160375033835,77.69444956855901,76.79124566813593,0.909679609957692
Finland,FIN,Europe,71.83749145872366,71.79433743044193,0.9956845971718267,80.01168767499628,79.7569780153112,0.9745290340314924,89.65051386271861,88.79737544804232,0.9146861585323706,89.65051386271861,88.14914606711167,0.8498632204393062
Fiji,FJI,Oceania,61.85173444182794,61.847654498257285,0.9995920056429348,67.32757994444175,67.30695315783926,0.9979373213397509,75.37784994667652,75.29151938058351,0.9913669433906989,75.37784994667652,75.25539980066776,0.9877549853991241
Falkland Islands (Malvinas),FLK,Americas,56.25892977460183,56.25076496214083,0.9991835187538995,77.72232899960032,77.59365325649658,0.9871324256896259,87.88686312041624,86.6211472077772,0.8734284087360962,87.88686312041624,86.6211472077772,0.8734284087360962
France,FRA,Europe,72.9072124171043,72.88977621738131,0.9982563800277007,81.427513614184,81.33237067811416,0.9904857063930166,90.29101956249102,89.9592978263772,0.966827826388618,90.29101956249102,89.77437491288084,0.9483355350389828
Gabon,GAB,Africa,55.034632482652356,55.02172197990137,0.9987089497249017,63.89773012807239,63.83226480439917,0.9934534676326784,73.97965548166529,73.66889781077596,0.968924232911067,73.97965548166529,73.6136605400966,0.9634005058431313
United Kingdom of Great Britain and Northern Ireland,GBR,Europe,72.65231652854985,72.64838710551149,0.9996070576961642,80.40078175459283,80.3789921659076,0.9978210411314776,89.39630136095636,89.31645550730506,0.9920154146348708,89.39630136095636,89.25337680629085,0.9857075445334488
Georgia,GEO,Asia,65.87350366448912,65.84355282143967,0.9970049156950551,72.12769452252262,72.01445072876402,0.98867562062414,82.91253445423371,82.61290718254756,0.9700372728313852,82.91253445423371,82.39561198328686,0.9483077529053148
Ghana,GHA,Africa,49.24650896672454,49.22303374059532,0.9976524773870779,61.157119312085825,61.06828098370376,0.9911161671617933,73.32950695682752,72.92972916858612,0.9600222211758606,73.32950695682752,72.93656570328521,0.9607058746457696
Guinea,GIN,Africa,40.590892991361514,40.56940832745732,0.9978515336095803,56.719698941277656,56.576804879660315,0.985710593838266,68.91754990264974,68.31894580125385,0.9401395898604108,68.91754990264974,68.20808678879978,0.9290536886150036
Gambia,GMB,Africa,42.44433393258687,42.43126476367259,0.9986930831085715,60.71663061350258,60.62146522128857,0.9904834607785986,72.89028415149318,72.50912771637856,0.9618843564885381,72.89028415149318,72.3595123647365,0.9469228213243326
Guinea-Bissau,GNB,Africa,42.0535303470618,42.0163534978148,0.9962823150752996,56.22949246890393,56.077905787864694,0.9848413318960766,70.24598091335996,69.52400426335014,0.9278023349990179,70.24598091335996,69.21393874229366,0.8967957828933706
Equatorial Guinea,GNQ,Africa,35.81177896229043,35.80769633312168,0.9995917370831251,57.87771815685555,57.84029683640176,0.9962578679546212,70.15707827196854,69.9867953329407,0.9829717060972157,70.15707827196854,69.96704096465713,0.9809962692688586
Greece,GRC,Europe,73.4182343232289,73.41375659351779,0.9995522270288888,80.51017507212873,80.49001373181079,0.9979838659682059,89.58988537510619,89.5123466441442,0.992246126903801,89.58988537510619,89.45776139380429,0.9867876018698098
Greenland,GRL,Americas,62.361496210658764,62.24579429054624,0.9884298079887479,70.32715402848362,69.84620264348321,0.951904861499959,81.04105590332581,79.3844966474404,0.8343440744114587,81.04105590332581,78.56535998632397,0.7524304082998157
Guatemala,GTM,Americas,54.82413096272804,54.811962302309574,0.9987831339581532,70.87832442578011,70.80711153979945,0.9928787114019343,82.7474228072843,82.44507861683736,0.969765580955307,82.7474228072843,82.31220245405086,0.9564779646766567
Guyana,GUY,Americas,60.81941671632638,60.81452833244028,0.9995111616113903,66.74297015944995,66.64741257736932,0.990444241791937,77.89115450554151,77.47654714422532,0.9585392638683814,77.89115450554151,77.36084312532701,0.9469688619785501
Honduras,HND,Americas,57.548533643800496,57.54691611387087,0.9998382470070375,71.08838088215605,71.07598343111839,0.9987602548962343,81.85190371895713,81.77184283810755,0.9919939119150414,81.85190371895713,81.73285007855672,0.9880946359599591
Croatia,HRV,Europe,70.62835704408238,70.60786911297362,0.9979512068891239,76.80487722946287,76.74872385939743,0.9943846629934555,87.40420597073825,87.22859946661364,0.9824393495875399,87.40420597073825,87.11039105557978,0.9706185084841537
Haiti,HTI,Americas,48.68145812766799,48.64499382276729,0.9963535695099303,46.018515954057264,45.88729855703024,0.9868782602972977,74.12811073251142,72.97048670234383,0.8842375969832418,74.12811073251142,72.48686787020993,0.8358757137698518
Hungary,HUN,Europe,69.42294723619099,69.3473556157958,0.9924408379604813,74.51920329158595,74.30843750300342,0.9789234211417466,85.59957470348215,84.96996293218622,0.9370388228704073,85.59957470348215,84.48006662931681,0.8880491925834662
Indonesia,IDN,Asia,55.968332381875754,55.9670634392343,0.9998731057358548,68.67926433843851,68.66894075919106,0.9989676420752545,78.87827487265726,78.83406418540605,0.9955789312748792,78.87827487265726,78.82286524698344,0.9944590374326182
India,IND,Asia,50.812257259560994,50.76554092643334,0.9953283666872345,66.90864082007698,66.79337783260785,0.9884737012530863,83.13173354635691,82.37542047417692,0.9243686927820007,83.13173354635691,81.91914843958523,0.8787414893228316
Ireland,IRL,Europe,71.69124072168788,71.68830708233683,0.9997066360648958,80.5226259647322,80.50330055311638,0.9980674588384175,90.00272035229759,89.93218563510628,0.9929465282808693,90.00272035229759,89.8800197433584,0.9877299391060816
Iran (Islamic Republic of),IRN,Asia,54.76101151392894,54.75805694396479,0.9997045430035847,73.06904889170357,73.04960517651924,0.9980556284815663,86.58838621456371,86.48580579604072,0.9897419581477009,86.58838621456371,86.43370740693494,0.984532119237123
Iraq,IRQ,Asia,61.46388180575631,61.46009250126775,0.9996210695511444,67.06216751735919,67.04426453001184,0.9982097012652659,79.16558868494128,79.09589674791094,0.9930308062969658,79.16558868494128,79.0618043719857,0.9896215687044417
Iceland,ISL,Europe,75.48641153603019,75.47943579336179,0.9993024257331597,81.70029463251387,81.64649042128846,0.9946195788774588,89.85688357011018,89.67601129014089,0.9819127720030707,89.85688357011018,89.58662556200684,0.972974199189666
Israel,ISR,Asia,72.13141919704871,72.12438434790296,0.9992965150854246,81.74432316725269,81.71234322198525,0.9968020054732563,90.0105130069171,89.8813337062995,0.9870820699382407,90.0105130069171,89.78627971736776,0.9775766710450668
Italy,ITA,Europe,72.72818942496053,72.72499115616436,0.9996801731203832,82.13709025258146,82.11643164908729,0.9979341396505831,91.20092254002914,91.10653191187313,0.9905609371843994,91.20092254002914,91.04348237420776,0.9842559834178616
Jamaica,JAM,Americas,68.0478442490031,68.0476028245938,0.9999758575590689,72.62189022698259,72.6125382946283,0.9990648067645708,80.58529799610753,80.5479125295593,0.996261453345177,80.58529799610753,80.54258230482476,0.9957284308717235
Jordan,JOR,Asia,63.960771505997066,63.95822000404222,0.9997448498045152,73.99959562701045,73.9889771982514,0.9989381571240955,85.28730879698212,85.240759254475,0.9953450457492877,85.28730879698212,85.21201100424955,0.992470220726743
Japan,JPN,Asia,74.34185189801052,74.30425791315972,0.9962406015149199,82.91934847261618,82.76854687431572,0.9849198401699539,91.85268147617803,91.24534706190029,0.9392665585722255,91.85268147617803,90.81988770976236,0.8967206233584321
Kazakhstan,KAZ,Asia,61.91579969392373,61.64412023532501,0.9728320541401281,68.1156593263618,67.3774934160211,0.9261834089659302,79.76186345480005,77.68496270757981,0.7923099252779764,79.76186345480005,76.26685879662305,0.6504995341823004
Kenya,KEN,Africa,55.825777078919856,55.807573151445276,0.998179607252542,60.649017136802236,60.52538621716058,0.9876369080358345,73.04454802634189,72.60338584083453,0.9558837814492648,73.04454802634189,72.51472312035914,0.947017509401725
Kyrgyzstan,KGZ,Asia,59.653517304883266,59.52817448305316,0.987465717816989,68.2539619056657,67.8849246980699,0.9630962792404191,80.45762833013006,79.00414129794292,0.8546512967812859,80.45762833013006,78.11094745110525,0.7653319120975184
Cambodia,KHM,Asia,11.995058778341008,11.995001889335606,0.9999943110994598,67.7122943145626,67.70667373663878,0.9994379422076178,80.20818278530257,80.17953064522754,0.9971347859924975,80.20818278530257,80.16886695833325,0.9960684173030685
"Korea, Republic of",KOR,Asia,64.62627406035705,64.6064395733264,0.998016551296935,80.76297107493151,80.67238236054052,0.9909411285609011,90.84901406531813,90.38722932617648,0.9538215260858351,90.84901406531813,90.10004866666455,0.9251034601346418
Kuwait,KWT,Asia,67.8922223621871,67.8888285697972,0.9996606207610099,77.9816992925835,77.95379820934922,0.9972098916765717,89.02279331828753,88.86753422867596,0.9844740910388439,89.02279331828753,88.8030821143046,0.9780288796017075
Lao People's Democratic Republic,LAO,Asia,45.891554017959585,45.883966590104976,0.999241257214539,63.973123944156725,63.94406048513716,0.9970936540980432,79.4530158249945,79.32771983584777,0.9874704010853279,79.4530158249945,79.27591138775047,0.9822895562755974
Lebanon,LBN,Asia,58.12790862045054,58.125667549971745,0.9997758929521204,78.15593547787029,78.14387769456316,0.9987942216692872,87.0024126044069,86.95684049659688,0.9954427892189983,87.0024126044069,86.92769157954801,0.9925278975141112
Liberia,LBR,Africa,42.774096044822,42.76310890538022,0.998901286055822,59.43306376604976,59.34803023341735,0.9914966467367584,71.32700853414978,70.95122437887171,0.9624215844721931,71.32700853414978,70.89087768158004,0.9563869147430253
Libya,LBY,Africa,60.810458185227084,60.807153944335056,0.9996695759107972,72.37407008335197,72.35762590967063,0.9983555826318664,82.79824772243263,82.72968799776378,0.9931440275331141,82.79824772243263,82.68766954510593,0.9889421822673299
Sri Lanka,LKA,Asia,66.23749660545636,66.22831381939402,0.999081721393766,73.21498366449636,73.18065861771926,0.9965674953222902,85.71601528267223,85.51461550323745,0.979860022056522,85.71601528267223,85.42985505452712,0.9713839771854893
Lesotho,LSO,Africa,52.98679600591282,52.92329630780372,0.9936500301890895,45.59547267693642,45.49385621701618,0.9898383540079763,63.90948753316478,63.196566249316874,0.9287078716152095,63.90948753316478,62.873566583995625,0.8964079050830847
Lithuania,LTU,Europe,70.89358538045671,70.58080039403492,0.9687215013578211,73.4235505518312,72.45477170760967,0.9031221155778468,85.07260252674827,82.42235278877261,0.7349750262024344,85.07260252674827,80.14356127770056,0.5070958750952286
Latvia,LVA,Europe,69.20987646761564,68.99837254653728,0.9788496078921639,72.95385287261774,72.25289993204942,0.9299047059431672,83.96439970311556,81.94814833074345,0.7983748627627889,83.96439970311556,80.23919862742514,0.6274798924309579
Morocco,MAR,Africa,51.24359741180735,51.2336429030335,0.9990045491226148,70.82874737276313,70.76621587458914,0.9937468501826003,85.42933547877911,85.07489489347022,0.9645559414691107,85.42933547877911,84.90359243728184,0.9474256958502736
"Moldova, Republic of",MDA,Europe,64.34770791683741,64.10287191528651,0.9755163998449106,69.35691120482996,68.63687757692732,0.9279966372097362,79.87739978439883,77.98299133493472,0.8105591550535891,79.87739978439883,76.44938212028639,0.6571982335887554
Madagascar,MDG,Africa,49.52712898612314,49.50253501728738,0.997540603116424,62.87292495261409,62.75058730315183,0.987766235053774,76.87033089036164,76.3316686275918,0.9461337737230153,76.87033089036164,76.11160336607233,0.9241272475710687
Mexico,MEX,Americas,62.81046403044716,62.805315829485316,0.9994851799038159,74.19009165165284,74.16531047602071,0.9975218824367872,84.6619680415816,84.5701379489243,0.9908169907342697,84.6619680415816,84.52435482430393,0.9862386782722325
North Macedonia,MKD,Europe,67.00948869629416,66.99873357453627,0.9989244878242118,75.11872828087327,75.08241899722064,0.9963690716347372,86.18427907069776,86.06922209858898,0.9884943027891225,86.18427907069776,85.99073884299425,0.9806459772296492
Mali,MLI,Africa,36.2253014880384,36.21306526430849,0.9987763776270093,56.381725503646884,56.25850674329782,0.9876781239650938,69.27906556125853,68.78858745484654,0.9509521893588001,69.27906556125853,68.63908652441775,0.9360020963159215
Myanmar,MMR,Asia,52.51546145082752,52.514234174257965,0.9998772723430441,63.32936422996653,63.32558985995739,0.999622562999086,76.67481777724721,76.6556579789342,0.9980840201686988,76.67481777724721,76.64667165766727,0.9971853880420056
Montenegro,MNE,Europe,71.36619546352469,71.33144445524715,0.9965248991722462,76.13873245041297,76.02883337060887,0.9890100920195891,86.05192585929697,85.73394797344761,0.9682022114150641,86.05192585929697,85.51816426233184,0.9466238403034865
Mongolia,MNG,Asia,55.649974612797635,55.14497033376921,0.9494995720971573,67.18221873649873,65.89110451250275,0.8708885776004024,84.20662308284089,79.2036819356596,0.4997058852818711,84.20662308284089,76.25224624063831,0.20456231577974227
Mozambique,MOZ,Africa,42.581605497529615,42.55152422568662,0.9969918728157005,54.198358510091985,54.11529851739149,0.9916940007299502,72.98731834613844,72.51689514852562,0.9529576802387183,72.98731834613844,72.29521764412503,0.9307899297986595
Mauritania,MRT,Africa,52.64961585211083,52.63741183621394,0.9987795984103116,63.10487249416076,63.03299636997135,0.9928123875810592,75.68042297915717,75.3954971714225,0.9715074192265334,75.68042297915717,75.27039240052088,0.9589969421363704
Malawi,MWI,Africa,40.22201233465553,40.20316734825426,0.998115501359873,56.38056968722889,56.29726496184711,0.991669527461822,74.43790268697822,74.01508577116002,0.9577183084181797,74.43790268697822,73.81367707005312,0.9375774383074897
Malaysia,MYS,Asia,65.71181402881668,65.71074677962089,0.9998932750804215,74.44231175983518,74.43329141463444,0.9990979654799261,85.21937856695261,85.17317583152511,0.99537972645725,85.21937856695261,85.16212530183849,0.9942746734885872
Namibia,NAM,Africa,56.54698345075312,56.50479982721203,0.9957816376458914,56.01525625192599,55.9107614079312,0.9895505156005207,72.3484398669494,71.81074655910035,0.9462306692150946,72.3484398669494,71.59419196811534,0.9245752101165934
New Caledonia,NCL,Oceania,63.38664033600009,63.38664033600009,1.0,78.20541782578279,78.20541782578279,1.0,88.60085450835076,88.60085450835076,1.0,88.60085450835076,88.60085450835076,1.0
Niger,NER,Africa,36.587610934766104,36.57615575030434,0.9988544815538234,58.366758851180755,58.246054454148656,0.98792956029679,73.69924649136654,73.17844773424936,0.9479201242882823,73.69924649136654,73.03561363081259,0.9336367139446053
Nigeria,NGA,Africa,43.66226268985824,43.639442069492134,0.9977179379633896,50.94482041428296,50.88179357719776,0.9936973162914804,64.59983804569453,64.32280635747391,0.9722968311779383,64.59983804569453,64.31695073467883,0.9717112688984301
Nicaragua,NIC,Americas,56.03555138547711,56.034293925845574,0.9998742540368462,72.00904469721982,71.99370985092645,0.9984665153706629,83.8701135649811,83.78760745500922,0.9917493890028126,83.8701135649811,83.7661928647953,0.9896079299814204
Netherlands,NLD,Europe,74.55427709619163,74.55212461085428,0.9997847514662652,80.81864564429358,80.81036960479665,0.9991723960503066,89.41132329446944,89.3830687232052,0.9971745428735759,89.41132329446944,89.35790625076034,0.9946582956290897
Norway,NOR,Europe,74.81696628903525,74.79982334141842,0.9982857052383167,81.04011127163439,80.92888684084696,0.9888775569212569,90.40421859325431,90.01149205430276,0.960727346104845,90.40421859325431,89.80471143812093,0.9400492844866619
Nepal,NPL,Asia,45.039694301596505,45.00723302321498,0.9967538721618474,66.81384914590481,66.69553633372219,0.9881687187817377,82.03873617325257,81.08989175125583,0.905115557800326,82.03873617325257,80.59338419632864,0.8554648023076069
New Zealand,NZL,Oceania,72.20128198473192,72.19382884456907,0.9992546859837148,81.1018841739535,81.07784880498436,0.9975964631030863,90.05763301293584,89.95838324172836,0.9900750228792518,90.05763301293584,89.89662980301911,0.9838996790083272
Oman,OMN,Asia,53.29725200450336,53.28384052005034,0.9986588515546977,76.26953043136854,76.16464274198613,0.9895112310617591,88.07922643285181,87.44296636698108,0.936373993412927,88.07922643285181,87.19543787027749,0.9116211437425676
Pakistan,PAK,Asia,55.904846447886285,55.89036290541155,0.9985516457525264,64.4360610706793,64.38832507044157,0.9952263999762266,74.80909679528966,74.61820986324764,0.9809113067957981,74.80909679528966,74.51297566467619,0.9703878869386529
Panama,PAN,Americas,68.07891491979514,68.07762880646385,0.9998713886668711,76.44793656714855,76.43707238193088,0.998913581478233,87.14797080541221,87.0867289366552,0.9938758131242992,87.14797080541221,87.07306301952188,0.9925092214109668
Peru,PER,Americas,57.90468865759733,57.88983818778847,0.9985149530191137,73.71057042145648,73.57859109059098,0.9868020669134495,85.78725548450338,85.19647381115537,0.9409218326651996,85.78725548450338,84.98717387933912,0.9199918394835749
Philippines,PHL,Asia,61.70366807154862,61.69861596399252,0.9994947892443904,70.75420147520478,70.71621527525546,0.9962013800050684,79.66618744252919,79.50295980426205,0.9836772361732855,79.66618744252919,79.4504662283534,0.9784278785824213
Papua New Guinea,PNG,Oceania,55.03917613078525,55.02989834887797,0.999072221809272,63.03950076499526,62.96943324589283,0.992993248089757,73.649946851298,73.38626350865054,0.9736316657352546,73.649946851298,73.3122658313558,0.9662318980057805
Poland,POL,Europe,70.43929543452272,70.39318674449328,0.9953891309970558,76.31745380274053,76.18628835131763,0.9868834548577098,86.52781786199223,86.17474381681953,0.9646925954827296,86.52781786199223,85.86514050728489,0.9337322645292658
Korea (Democratic People's Republic of),PRK,Asia,63.52621216759801,63.50546858663252,0.9979256419034506,70.4186803125779,70.36379262946943,0.9945112316891525,82.05044858791531,81.81682945901751,0.97663808711022,82.05044858791531,81.64671687337282,0.9596268285457512
Portugal,PRT,Europe,68.84598978020824,68.83875630597272,0.999276652576448,80.03499180629646,80.00118707317121,0.9966195266874749,89.72819328068988,89.59395380062963,0.9865760519939755,89.72819328068988,89.50908071207944,0.9780887431389559
Paraguay,PRY,Americas,63.445175182087326,63.436265950033174,0.9991090767945849,71.88725244290012,71.86565357580876,0.9978401132908644,81.90873931961241,81.84678730213571,0.9938047982523301,81.90873931961241,81.82389629483461,0.9915156975222204
"Palestine, State of",PSE,Asia,58.63452472754167,58.63180971374147,0.9997284986199801,73.00449814823142,72.99299548109336,0.998849733286194,84.82722651757861,84.77704526026986,0.994981874269125,84.82722651757861,84.74094841981557,0.9913721902236958
Qatar,QAT,Asia,69.00761348782645,68.99589744887108,0.998828396104463,78.42509312256031,78.33654242230601,0.9911449299745698,89.59557723716537,88.75684356228659,0.9161266325121218,89.59557723716537,88.53473709359402,0.8939159856428646
Romania,ROU,Europe,69.08068707104293,69.01109358679217,0.993040651574924,73.99589391918019,73.80111919316917,0.9805225273988981,85.67073459744249,85.09165147873969,0.9420916881297202,85.67073459744249,84.64591670684302,0.8975182109400535
Russian Federation,RUS,Europe,67.17985090458825,66.755398688976,0.9575547784387751,69.38604067999947,68.48386455415276,0.9097823874153292,83.0990053644769,79.64876590049454,0.6549760536017644,83.0990053644769,77.3525215577578,0.4253516193280902
Rwanda,RWA,Africa,44.69786280657792,44.68254192623365,0.9984679119655724,62.53965882041907,62.442620547970755,0.9902961727551685,76.30918415203375,75.90069810191915,0.9591513949885396,76.30918415203375,75.80572113351742,0.9496536981483672
Saudi Arabia,SAU,Asia,58.06803181546328,58.066776183905695,0.9998744368442416,75.76291819051902,75.75111674430512,0.9988198553786105,87.35795965745308,87.29570289138867,0.9937743233935592,87.35795965745308,87.27498646642938,0.9917026808976303
Sudan,SDN,Africa,53.37688644567401,53.36748665609234,0.9990600210418329,63.01609088948172,62.976433673476734,0.9960342783995018,72.78606288656363,72.65067194298888,0.9864609056425252,72.78606288656363,72.60665887316806,0.9820595986604431
Senegal,SEN,Africa,44.09869629375857,44.082648017964715,0.9983951724206144,64.61538562386424,64.51695740158098,0.990157177771674,82.0111266281731,81.3926731091848,0.9381546481011697,82.0111266281731,81.14403815357407,0.9132911525400971
Solomon Islands,SLB,Oceania,58.07771889017568,58.06657387419485,0.998885498401917,68.73181587908792,68.59140533576169,0.9859589456673774,77.56853977314296,77.02984473911334,0.9461304965970385,77.56853977314296,76.96901401242317,0.9400474239280214
Sierra Leone,SLE,Africa,41.17260302045711,41.15489969344207,0.9982296672984958,53.693244885094224,53.581123871076464,0.988787898598224,69.33918825885227,68.83013780647408,0.949094954762181,69.33918825885227,68.73518255480556,0.9395994295953287
El Salvador,SLV,Americas,54.87464206882924,54.87365773957847,0.9999015670749231,71.84778569791212,71.83861155939553,0.9990825861483416,82.90538544535165,82.85711468833195,0.9951729242980292,82.90538544535165,82.83345243959072,0.992806699423906
Somalia,SOM,Africa,44.18191351489261,44.15038485179305,0.9968471336900443,50.56304034391944,50.26907317737354,0.9706032833454102,68.06665485088715,66.71997854628968,0.8653323695402534,68.06665485088715,66.41088965451678,0.8344234803629632
Serbia,SRB,Europe,68.29940351471049,68.27067288531916,0.9971269370608666,74.37532271629131,74.30433419210077,0.992901147580946,85.89331494756131,85.65755882042477,0.9764243872863461,85.89331494756131,85.48935717977226,0.9596042232210948
South Sudan,SSD,Africa,36.745820986641945,36.71685720836046,0.9971036221718513,54.81175157328274,54.70468666577927,0.9892935092496529,67.75084419320073,67.44650629689585,0.9695662103695113,67.75084419320073,67.37100943064404,0.9620165237443302
Suriname,SUR,Americas,61.04933254633563,61.04860916814793,0.99992766218123,69.89448841151624,69.87674215550597,0.9982253743989731,81.09307770065539,81.00833183281935,0.9915254132163966,81.09307770065539,80.98935436498175,0.9896276664326364
Slovakia,SVK,Europe,70.30352228536586,70.18893443317091,0.9885412147805056,75.49503290910425,75.18146873872242,0.9686435829618162,86.58283450432455,85.67694651919072,0.9094112014866169,86.58283450432455,84.93945068464795,0.83566161803234
Slovenia,SVN,Europe,69.47026076537769,69.44628101633992,0.9976020250962236,79.7038827251304,79.61041929400909,0.9906536568878692,89.83156818179185,89.5416780417123,0.971010985992045,89.83156818179185,89.3304428842041,0.9498874702412252
Sweden,SWE,Europe,74.97666939706357,74.95904412187309,0.9982374724809517,81.51865907558648,81.43171771534819,0.99130586397617,90.51696054984113,90.19928785792214,0.9682327308081013,90.51696054984113,89.96339346004416,0.9446432910203029
Eswatini,SWZ,Africa,53.82397489920521,53.75548308147448,0.9931508182269269,46.61913242874984,46.53231237004485,0.9913179941295006,70.74932601942102,70.22560282019671,0.9476276800775694,70.74932601942102,69.93653717379,0.9187211154368982
Syrian Arab Republic,SYR,Asia,63.53782929697058,63.532902298429214,0.9995073001458635,73.88082154849582,73.85259856600115,0.9971777017505332,81.22599008625177,81.12728014827371,0.9901290062021942,81.22599008625177,81.07170906684404,0.9845718980592266
Chad,TCD,Africa,41.872126924612054,41.841877443638296,0.9969750519026241,49.58425963626261,49.44734787837113,0.9863088242108524,62.47568354932901,61.92505130717409,0.9449367757845074,62.47568354932901,61.79204485509703,0.931636130576802
Togo,TGO,Africa,48.72863864636016,48.698804525053895,0.9970165878693734,57.304239032032235,57.22195871282573,0.9917719680793496,71.35030791585076,70.95989253678228,0.9609584620931514,71.35030791585076,70.95285060615903,0.9602542690308269
Thailand,THA,Asia,61.27187395660355,61.269067444649956,0.9997193488046406,76.13129092062893,76.12011430073234,0.9988823380103412,88.32438962322095,88.27413076810438,0.9949741144883433,88.32438962322095,88.250789246048,0.9926399622827049
Tajikistan,TJK,Asia,58.876090876327375,58.86577233393645,0.9989681457609073,67.74198267691995,67.71056540172518,0.996858272480523,79.3754874490504,79.26162162885703,0.9886134179806632,79.3754874490504,79.19346573572041,0.9817978286670013
Turkmenistan,TKM,Asia,59.52519537132673,59.371747447992114,0.9846552076665382,68.29326559706033,67.79442356111595,0.9501157964055622,77.33308297026393,75.98481727718477,0.8651734306920844,77.33308297026393,75.07453208229484,0.7741449112030907
Timor-Leste,TLS,Asia,24.83367427597091,24.832837797452193,0.9999163521481282,65.30357935041098,65.27318130307602,0.996960195266503,78.87887187383059,78.74199833435198,0.9863126460521385,78.87887187383059,78.69283591270208,0.981396403887149
Trinidad and Tobago,TTO,Americas,66.78635395594131,66.78621740392194,0.999986344798063,72.72542054177016,72.71678371642544,0.9991363174655277,83.70434219998212,83.67080075943991,0.9966458559457791,83.70434219998212,83.67046239656555,0.9966120196583432
Tunisia,TUN,Africa,59.46830554329515,59.464901532814714,0.9996595989519562,75.42058784496545,75.40596031595639,0.9985372470990939,86.61711822452524,86.56818030309292,0.9951062078567674,86.61711822452524,86.5293975579337,0.9912279333408464
Turkey,TUR,Asia,59.49655223809721,59.49404896246155,0.9997496724364339,75.06933889203098,75.05693835679924,0.9987599464768252,87.6829810911766,87.62954225274375,0.9946561161567147,87.6829810911766,87.59574612925934,0.9912765038082739
"Taiwan, Province of China",TWN,Asia,70.96479257346276,70.96007058878055,0.9995278015317794,79.17097921736095,79.1533562888461,0.9982377071485147,89.29472501706073,89.21867704116609,0.9923952024105361,89.29472501706073,89.18769239844531,0.989296738138458
"Tanzania, United Republic of",TZA,Africa,48.72194288351636,48.70145652187524,0.9979513638358875,60.10483607223697,60.00708631050632,0.9902250238269346,77.70458733756585,77.2446794577443,0.9540092120178443,77.70458733756585,77.0790027547306,0.9374415417164741
Uganda,UGA,Africa,46.26727208651991,46.24439073343607,0.9977118646916161,57.0546859230573,56.97164561262803,0.9916959689570731,72.34396164268159,72.05821782353009,0.9714256180848494,72.34396164268159,72.01121407346074,0.9667252430779143
Ukraine,UKR,Europe,69.54000651361747,69.20031581741729,0.9660309303799821,70.6207232702809,69.9136869159392,0.929296364565829,83.76358178331813,81.816061570915,0.8052479787596866,83.76358178331813,80.22862450186562,0.6465042718547493
Uruguay,URY,Americas,69.33465075809161,69.3232018942587,0.998855113616709,76.85800638137107,76.834227838002,0.9976221456630924,86.13157102330109,86.07001066339906,0.9938439640097968,86.13157102330109,86.04074430126505,0.9909173277963959
United States of America,USA,Americas,72.53367607466235,72.51477355794702,0.9981097483284671,78.77238677457639,78.71601250202247,0.9943625727446076,87.35900442318024,87.16797992171114,0.9808975498530899,87.35900442318024,87.05189879824239,0.9692894375062153
Uzbekistan,UZB,Asia,62.180558412936165,62.141747459862806,0.9961189046926642,69.23538367181638,69.11132984842108,0.98759461766047,79.00629835886689,78.64844337372128,0.9642145014854393,79.00629835886689,78.41170646347213,0.9405408104605243
Venezuela (Bolivarian Republic of),VEN,Americas,67.07539854690766,67.07433559148531,0.9998937044577645,72.89009232954957,72.88277907538611,0.9992686745836536,82.4417644564747,82.406182555337,0.9964418098862297,82.4417644564747,82.3941719603288,0.9952407503854104
Viet Nam,VNM,Asia,62.882188185000416,62.87713466994158,0.9994946484941167,73.51264511660989,73.49652778147713,0.9983882664867239,83.77084021190166,83.70486854720264,0.993402833530098,83.77084021190166,83.6757696086298,0.990492939672815
Kosovo,XKX,Europe,66.13442294199182,66.13442294199182,1.0,77.62995922402318,77.62995922402318,1.0,87.49739117544637,87.49739117544637,1.0,87.49739117544637,87.49739117544637,1.0
Yemen,YEM,Asia,45.2447786055276,45.2408498489922,0.9996071243464598,67.27997028567775,67.24262136622995,0.9962651080552206,75.71054579663773,75.56333531793439,0.9852789521296657,75.71054579663773,75.52075407128518,0.9810208274647451
South Africa,ZAF,Africa,57.51183167988602,57.46442409630206,0.9952592416416038,58.898750111628665,58.79575619527829,0.9897006083649622,73.72766551304971,73.33607399544641,0.9608408482396698,73.72766551304971,73.13133801588755,0.9403672502837835
Zambia,ZMB,Africa,54.23865237967496,54.202490855240214,0.9963838475565254,56.799087261069545,56.69515494891995,0.9896067687850405,71.43670197458808,70.96595282715168,0.9529250852563607,71.43670197458808,70.76705377037052,0.9330351795782448
Zimbabwe,ZWE,Africa,57.55211515257386,57.529972867088595,0.9977857714514734,50.652328691990924,50.6240144425761,0.9971685750585173,69.25675679683191,69.07031874371697,0.9813561946885059,69.25675679683191,68.97096782946893,0.9714211032637025
