ref_area.label,indicator.label,source.label,sex.label,classif1.label,classif2.label,time,obs_value,obs_status.label,note_classif.label,note_indicator.label,note_source.label
Afghanistan,"Employment by sex, age and economic activity (thousands)",LFS - Labour Force Survey,Sex: Total,"Age (Youth, adults): 15-64",Economic activity (Aggregate): Agriculture,2021,1.857.997,,,,Repository: ILO-STATISTICS - Micro data processing | Data reference period: First quarter
Afghanistan,"Employment by sex, age and economic activity (thousands)",LFS - Labour Force Survey,Sex: Total,"Age (Youth, adults): 15-64",Economic activity (Aggregate): Construction,2021,910.468,,,,Repository: ILO-STATISTICS - Micro data processing | Data reference period: First quarter
Angola,"Employment by sex, age and economic activity (thousands)",HIES - Core Welfare Indicators Questionnaire,Sex: Total,"Age (Youth, adults): 15-64",Economic activity (Aggregate): Agriculture,2011,3.242.102,,,,Repository: ILO-STATISTICS - Micro data processing
Angola,"Employment by sex, age and economic activity (thousands)",HIES - Core Welfare Indicators Questionnaire,Sex: Total,"Age (Youth, adults): 15-64",Economic activity (Aggregate): Construction,2011,338.159,,,,Repository: ILO-STATISTICS - Micro data processing
Albania,"Employment by sex, age and economic activity (thousands)",LFS - Labour Force Survey,Sex: Total,"Age (Youth, adults): 15-64",Economic activity (Aggregate): Agriculture,2019,408.597,,,,Repository: ILO-STATISTICS - Micro data processing
Albania,"Employment by sex, age and economic activity (thousands)",LFS - Labour Force Survey,Sex: Total,"Age (Youth, adults): 15-64",Economic activity (Aggregate): Construction,2019,88.016,,,,Repository: ILO-STATISTICS - Micro data processing
United Arab Emirates,"Employment by sex, age and economic activity (thousands)",LFS - Labour Force Survey,Sex: Total,"Age (Youth, adults): 15-64",Economic activity (Aggregate): Agriculture,2021,101.802,,,,Repository: ILO-STATISTICS - Micro data processing
United Arab Emirates,"Employment by sex, age and economic activity (thousands)",LFS - Labour Force Survey,Sex: Total,"Age (Youth, adults): 15-64",Economic activity (Aggregate): Construction,2021,1.283.429,,,,Repository: ILO-STATISTICS - Micro data processing
Argentina,"Employment by sex, age and economic activity (thousands)","LFS - Permanent Household Survey, Urban",Sex: Total,"Age (Youth, adults): 15-64",Economic activity (Aggregate): Agriculture,2021,7.35,,,,Repository: ILO-STATISTICS - Micro data processing | Geographical coverage: Main cities or metropolitan areas
Argentina,"Employment by sex, age and economic activity (thousands)","LFS - Permanent Household Survey, Urban",Sex: Total,"Age (Youth, adults): 15-64",Economic activity (Aggregate): Construction,2021,1.000.225,,,,Repository: ILO-STATISTICS - Micro data processing | Geographical coverage: Main cities or metropolitan areas
Armenia,"Employment by sex, age and economic activity (thousands)",LFS - Household Labour Force Survey,Sex: Total,"Age (Youth, adults): 15-64",Economic activity (Aggregate): Agriculture,2021,655.582,,,,Repository: ILO-STATISTICS - Micro data processing | Age coverage - maximum age: 75 years old
Armenia,"Employment by sex, age and economic activity (thousands)",LFS - Household Labour Force Survey,Sex: Total,"Age (Youth, adults): 15-64",Economic activity (Aggregate): Construction,2021,82.377,,,,Repository: ILO-STATISTICS - Micro data processing | Age coverage - maximum age: 75 years old
Australia,"Employment by sex, age and economic activity (thousands)","HIES - Household, Income and Labour Dynamics Survey",Sex: Total,"Age (Youth, adults): 15-64",Economic activity (Aggregate): Agriculture,2020,294.609,,,,Repository: ILO-STATISTICS - Micro data processing
Australia,"Employment by sex, age and economic activity (thousands)","HIES - Household, Income and Labour Dynamics Survey",Sex: Total,"Age (Youth, adults): 15-64",Economic activity (Aggregate): Construction,2020,881.459,,,,Repository: ILO-STATISTICS - Micro data processing
Austria,"Employment by sex, age and economic activity (thousands)",LFS - Labour Force Survey,Sex: Total,"Age (Youth, adults): 15-64",Economic activity (Aggregate): Agriculture,2021,144.18,,,,Repository: ILO-STATISTICS - Micro data processing
Austria,"Employment by sex, age and economic activity (thousands)",LFS - Labour Force Survey,Sex: Total,"Age (Youth, adults): 15-64",Economic activity (Aggregate): Construction,2021,321.887,,,,Repository: ILO-STATISTICS - Micro data processing
Burundi,"Employment by sex, age and economic activity (thousands)",HIES - Living Standards Survey,Sex: Total,"Age (Youth, adults): 15-64",Economic activity (Aggregate): Agriculture,2020,3.975.698,,,,Repository: ILO-STATISTICS - Micro data processing
Burundi,"Employment by sex, age and economic activity (thousands)",HIES - Living Standards Survey,Sex: Total,"Age (Youth, adults): 15-64",Economic activity (Aggregate): Construction,2020,51.103,,,,Repository: ILO-STATISTICS - Micro data processing
Benin,"Employment by sex, age and economic activity (thousands)",HIES - Monitoring Survey of the Modular and Integrated Survey of Household Living Conditions,Sex: Total,"Age (Youth, adults): 15-64",Economic activity (Aggregate): Agriculture,2018,1058.73,,,,Repository: ILO-STATISTICS - Micro data processing
Benin,"Employment by sex, age and economic activity (thousands)",HIES - Monitoring Survey of the Modular and Integrated Survey of Household Living Conditions,Sex: Total,"Age (Youth, adults): 15-64",Economic activity (Aggregate): Construction,2018,153.831,,,,Repository: ILO-STATISTICS - Micro data processing
Burkina Faso,"Employment by sex, age and economic activity (thousands)",LFS - Regional Integrated Survey on Employment and the Informal Sector,Sex: Total,"Age (Youth, adults): 15-64",Economic activity (Aggregate): Agriculture,2018,1.117.099,,,,Repository: ILO-STATISTICS - Micro data processing
Burkina Faso,"Employment by sex, age and economic activity (thousands)",LFS - Regional Integrated Survey on Employment and the Informal Sector,Sex: Total,"Age (Youth, adults): 15-64",Economic activity (Aggregate): Construction,2018,147.588,,,,Repository: ILO-STATISTICS - Micro data processing
Bangladesh,"Employment by sex, age and economic activity (thousands)",LFS - Labour Force Survey,Sex: Total,"Age (Youth, adults): 15-64",Economic activity (Aggregate): Agriculture,2017,23.201.189,,,,Repository: ILO-STATISTICS - Micro data processing
Bangladesh,"Employment by sex, age and economic activity (thousands)",LFS - Labour Force Survey,Sex: Total,"Age (Youth, adults): 15-64",Economic activity (Aggregate): Construction,2017,3.373.273,,,,Repository: ILO-STATISTICS - Micro data processing
Bosnia and Herzegovina,"Employment by sex, age and economic activity (thousands)",LFS - Labour Force Survey,Sex: Total,"Age (Youth, adults): 15-64",Economic activity (Aggregate): Agriculture,2021,178.73,Break in series,,Break in series: Methodology revised,Repository: ILO-STATISTICS - Micro data processing | Employment definition: Excluding own-use production workers
Bosnia and Herzegovina,"Employment by sex, age and economic activity (thousands)",LFS - Labour Force Survey,Sex: Total,"Age (Youth, adults): 15-64",Economic activity (Aggregate): Construction,2021,104.724,Break in series,,Break in series: Methodology revised,Repository: ILO-STATISTICS - Micro data processing | Employment definition: Excluding own-use production workers
Belarus,"Employment by sex, age and economic activity (thousands)",LFS - Labour Force Survey,Sex: Total,"Age (Youth, adults): 15-64",Economic activity (Aggregate): Agriculture,2021,521.74,,,,Repository: ILO-STATISTICS - Micro data processing | Age coverage - maximum age: 74 years old
Belarus,"Employment by sex, age and economic activity (thousands)",LFS - Labour Force Survey,Sex: Total,"Age (Youth, adults): 15-64",Economic activity (Aggregate): Construction,2021,370.577,,,,Repository: ILO-STATISTICS - Micro data processing | Age coverage - maximum age: 74 years old
Belize,"Employment by sex, age and economic activity (thousands)",LFS - Labour Force Survey,Sex: Total,"Age (Youth, adults): 15-64",Economic activity (Aggregate): Agriculture,2021,25.475,Break in series,,Break in series: Methodology revised,Repository: ILO-STATISTICS - Micro data processing
Belize,"Employment by sex, age and economic activity (thousands)",LFS - Labour Force Survey,Sex: Total,"Age (Youth, adults): 15-64",Economic activity (Aggregate): Construction,2021,14.025,Break in series,,Break in series: Methodology revised,Repository: ILO-STATISTICS - Micro data processing
Bolivia,"Employment by sex, age and economic activity (thousands)",LFS - Continuous Employment Survey,Sex: Total,"Age (Youth, adults): 15-64",Economic activity (Aggregate): Agriculture,2021,1.387.085,Break in series,,Break in series: Methodology revised,Repository: ILO-STATISTICS - Micro data processing
Bolivia,"Employment by sex, age and economic activity (thousands)",LFS - Continuous Employment Survey,Sex: Total,"Age (Youth, adults): 15-64",Economic activity (Aggregate): Construction,2021,441.102,Break in series,,Break in series: Methodology revised,Repository: ILO-STATISTICS - Micro data processing
Brazil,"Employment by sex, age and economic activity (thousands)",HS - Continuous National Household Sample Survey,Sex: Total,"Age (Youth, adults): 15-64",Economic activity (Aggregate): Agriculture,2021,8.311.538,,,,Repository: ILO-STATISTICS - Micro data processing
Brazil,"Employment by sex, age and economic activity (thousands)",HS - Continuous National Household Sample Survey,Sex: Total,"Age (Youth, adults): 15-64",Economic activity (Aggregate): Construction,2021,6.786.315,,,,Repository: ILO-STATISTICS - Micro data processing
Barbados,"Employment by sex, age and economic activity (thousands)",LFS - Labour Force Survey,Sex: Total,"Age (Youth, adults): 15-64",Economic activity (Aggregate): Agriculture,2019,3.206,,,,Repository: ILO-STATISTICS - Micro data processing
Barbados,"Employment by sex, age and economic activity (thousands)",LFS - Labour Force Survey,Sex: Total,"Age (Youth, adults): 15-64",Economic activity (Aggregate): Construction,2019,10.51,,,,Repository: ILO-STATISTICS - Micro data processing
Brunei Darussalam,"Employment by sex, age and economic activity (thousands)",LFS - Labour Force Survey,Sex: Total,"Age (Youth, adults): 15-64",Economic activity (Aggregate): Agriculture,2021,2.659,,,,Repository: ILO-STATISTICS - Micro data processing
Brunei Darussalam,"Employment by sex, age and economic activity (thousands)",LFS - Labour Force Survey,Sex: Total,"Age (Youth, adults): 15-64",Economic activity (Aggregate): Construction,2021,19.496,,,,Repository: ILO-STATISTICS - Micro data processing
Bhutan,"Employment by sex, age and economic activity (thousands)",LFS - Labour Force Survey,Sex: Total,"Age (Youth, adults): 15-64",Economic activity (Aggregate): Agriculture,2021,138.58,,,,Repository: ILO-STATISTICS - Micro data processing
Bhutan,"Employment by sex, age and economic activity (thousands)",LFS - Labour Force Survey,Sex: Total,"Age (Youth, adults): 15-64",Economic activity (Aggregate): Construction,2021,21.301,,,,Repository: ILO-STATISTICS - Micro data processing
Botswana,"Employment by sex, age and economic activity (thousands)",HS - Multi-Topic Household Survey,Sex: Total,"Age (Youth, adults): 15-64",Economic activity (Aggregate): Agriculture,2020,134.843,,,,Repository: ILO-STATISTICS - Micro data processing
Botswana,"Employment by sex, age and economic activity (thousands)",HS - Multi-Topic Household Survey,Sex: Total,"Age (Youth, adults): 15-64",Economic activity (Aggregate): Construction,2020,54.461,,,,Repository: ILO-STATISTICS - Micro data processing
Canada,"Employment by sex, age and economic activity (thousands)",LFS - Labour Force Survey,Sex: Total,"Age (Youth, adults): 15-64",Economic activity (Aggregate): Agriculture,2022,214.621,,Nonstandard economic activity: Excluding fishing | Nonstandard economic activity: Excluding forestry,,Repository: ILO-STATISTICS - Micro data processing
Canada,"Employment by sex, age and economic activity (thousands)",LFS - Labour Force Survey,Sex: Total,"Age (Youth, adults): 15-64",Economic activity (Aggregate): Construction,2022,1.453.272,,,,Repository: ILO-STATISTICS - Micro data processing
Switzerland,"Employment by sex, age and economic activity (thousands)",LFS - Labour Force Survey,Sex: Total,"Age (Youth, adults): 15-64",Economic activity (Aggregate): Agriculture,2021,70.837,,,,Repository: ILO-STATISTICS - Micro data processing
Switzerland,"Employment by sex, age and economic activity (thousands)",LFS - Labour Force Survey,Sex: Total,"Age (Youth, adults): 15-64",Economic activity (Aggregate): Construction,2021,257.259,,,,Repository: ILO-STATISTICS - Micro data processing
Chile,"Employment by sex, age and economic activity (thousands)",LFS - National Employment Survey,Sex: Total,"Age (Youth, adults): 15-64",Economic activity (Aggregate): Agriculture,2021,487.45,,,,Repository: ILO-STATISTICS - Micro data processing
Chile,"Employment by sex, age and economic activity (thousands)",LFS - National Employment Survey,Sex: Total,"Age (Youth, adults): 15-64",Economic activity (Aggregate): Construction,2021,716.458,,,,Repository: ILO-STATISTICS - Micro data processing
Côte d'Ivoire,"Employment by sex, age and economic activity (thousands)",LFS - National Survey on the Employment Situation,Sex: Total,"Age (Youth, adults): 15-64",Economic activity (Aggregate): Agriculture,2019,3.946.175,,,,Repository: ILO-STATISTICS - Micro data processing
Côte d'Ivoire,"Employment by sex, age and economic activity (thousands)",LFS - National Survey on the Employment Situation,Sex: Total,"Age (Youth, adults): 15-64",Economic activity (Aggregate): Construction,2019,229.507,,,,Repository: ILO-STATISTICS - Micro data processing
Cameroon,"Employment by sex, age and economic activity (thousands)",HS - Household Survey,Sex: Total,"Age (Youth, adults): 15-64",Economic activity (Aggregate): Agriculture,2014,3.632.826,,,,Repository: ILO-STATISTICS - Micro data processing
Cameroon,"Employment by sex, age and economic activity (thousands)",HS - Household Survey,Sex: Total,"Age (Youth, adults): 15-64",Economic activity (Aggregate): Construction,2014,235.553,,,,Repository: ILO-STATISTICS - Micro data processing
Cook Islands,"Employment by sex, age and economic activity (thousands)",HIES - Household Income and Expenditure Survey,Sex: Total,"Age (Youth, adults): 15-64",Economic activity (Aggregate): Agriculture,2016,0.491,Break in series,,Break in series: Methodology revised,Repository: ILO-STATISTICS - Micro data processing
Cook Islands,"Employment by sex, age and economic activity (thousands)",HIES - Household Income and Expenditure Survey,Sex: Total,"Age (Youth, adults): 15-64",Economic activity (Aggregate): Construction,2016,0.511,Break in series,,Break in series: Methodology revised,Repository: ILO-STATISTICS - Micro data processing
Colombia,"Employment by sex, age and economic activity (thousands)",LFS - Integrated Household Survey,Sex: Total,"Age (Youth, adults): 15-64",Economic activity (Aggregate): Agriculture,2021,3.008.144,,,,Repository: ILO-STATISTICS - Micro data processing
Colombia,"Employment by sex, age and economic activity (thousands)",LFS - Integrated Household Survey,Sex: Total,"Age (Youth, adults): 15-64",Economic activity (Aggregate): Construction,2021,1.448.179,,,,Repository: ILO-STATISTICS - Micro data processing
Comoros,"Employment by sex, age and economic activity (thousands)",LFS - National Survey on Employment and the Informal Sector,Sex: Total,"Age (Youth, adults): 15-64",Economic activity (Aggregate): Agriculture,2021,73.787,,,,Repository: ILO-STATISTICS - Micro data processing
Comoros,"Employment by sex, age and economic activity (thousands)",LFS - National Survey on Employment and the Informal Sector,Sex: Total,"Age (Youth, adults): 15-64",Economic activity (Aggregate): Construction,2021,15.584,,,,Repository: ILO-STATISTICS - Micro data processing
Cabo Verde,"Employment by sex, age and economic activity (thousands)",LFS - Continuous Multi-Objective Survey Employment and Labor Market Statistics,Sex: Total,"Age (Youth, adults): 15-64",Economic activity (Aggregate): Agriculture,2015,17.38,,,,Repository: ILO-STATISTICS - Micro data processing | Age coverage - minimum age: 16 years old
Cabo Verde,"Employment by sex, age and economic activity (thousands)",LFS - Continuous Multi-Objective Survey Employment and Labor Market Statistics,Sex: Total,"Age (Youth, adults): 15-64",Economic activity (Aggregate): Construction,2015,9.992,,,,Repository: ILO-STATISTICS - Micro data processing | Age coverage - minimum age: 16 years old
Costa Rica,"Employment by sex, age and economic activity (thousands)",LFS - Continuous Employment Survey,Sex: Total,"Age (Youth, adults): 15-64",Economic activity (Aggregate): Agriculture,2021,265.479,,,,Repository: ILO-STATISTICS - Micro data processing
Costa Rica,"Employment by sex, age and economic activity (thousands)",LFS - Continuous Employment Survey,Sex: Total,"Age (Youth, adults): 15-64",Economic activity (Aggregate): Construction,2021,123.955,,,,Repository: ILO-STATISTICS - Micro data processing
Cyprus,"Employment by sex, age and economic activity (thousands)",LFS - Labour Force Survey,Sex: Total,"Age (Youth, adults): 15-64",Economic activity (Aggregate): Agriculture,2021,8.85,,,,Repository: ILO-STATISTICS - Micro data processing
Cyprus,"Employment by sex, age and economic activity (thousands)",LFS - Labour Force Survey,Sex: Total,"Age (Youth, adults): 15-64",Economic activity (Aggregate): Construction,2021,40.158,,,,Repository: ILO-STATISTICS - Micro data processing
Czechia,"Employment by sex, age and economic activity (thousands)",LFS - Labour Force Sample Survey,Sex: Total,"Age (Youth, adults): 15-64",Economic activity (Aggregate): Agriculture,2021,128.453,,,,Repository: ILO-STATISTICS - Micro data processing
Czechia,"Employment by sex, age and economic activity (thousands)",LFS - Labour Force Sample Survey,Sex: Total,"Age (Youth, adults): 15-64",Economic activity (Aggregate): Construction,2021,404.067,,,,Repository: ILO-STATISTICS - Micro data processing
Djibouti,"Employment by sex, age and economic activity (thousands)",HS - Djiboutian Household Survey,Sex: Total,"Age (Youth, adults): 15-64",Economic activity (Aggregate): Agriculture,2017,0.976,Break in series,,Break in series: Methodology revised,Repository: ILO-STATISTICS - Micro data processing
Djibouti,"Employment by sex, age and economic activity (thousands)",HS - Djiboutian Household Survey,Sex: Total,"Age (Youth, adults): 15-64",Economic activity (Aggregate): Construction,2017,3.115,Break in series,,Break in series: Methodology revised,Repository: ILO-STATISTICS - Micro data processing
Dominican Republic,"Employment by sex, age and economic activity (thousands)",LFS - Continuous National Labour Force Survey,Sex: Total,"Age (Youth, adults): 15-64",Economic activity (Aggregate): Agriculture,2021,299.753,,,,Repository: ILO-STATISTICS - Micro data processing
Dominican Republic,"Employment by sex, age and economic activity (thousands)",LFS - Continuous National Labour Force Survey,Sex: Total,"Age (Youth, adults): 15-64",Economic activity (Aggregate): Construction,2021,380.615,,,,Repository: ILO-STATISTICS - Micro data processing
Ecuador,"Employment by sex, age and economic activity (thousands)","LFS - National Survey on Employment, Unemployment and Underemployment",Sex: Total,"Age (Youth, adults): 15-64",Economic activity (Aggregate): Agriculture,2021,2.221.591,,,,Repository: ILO-STATISTICS - Micro data processing
Ecuador,"Employment by sex, age and economic activity (thousands)","LFS - National Survey on Employment, Unemployment and Underemployment",Sex: Total,"Age (Youth, adults): 15-64",Economic activity (Aggregate): Construction,2021,450.567,,,,Repository: ILO-STATISTICS - Micro data processing
Egypt,"Employment by sex, age and economic activity (thousands)",LFS - Labour Force Sample Survey,Sex: Total,"Age (Youth, adults): 15-64",Economic activity (Aggregate): Agriculture,2021,4.993.883,,,,Repository: ILO-STATISTICS - Micro data processing
Egypt,"Employment by sex, age and economic activity (thousands)",LFS - Labour Force Sample Survey,Sex: Total,"Age (Youth, adults): 15-64",Economic activity (Aggregate): Construction,2021,3.720.272,,,,Repository: ILO-STATISTICS - Micro data processing
Estonia,"Employment by sex, age and economic activity (thousands)",LFS - Labour Force Survey,Sex: Total,"Age (Youth, adults): 15-64",Economic activity (Aggregate): Agriculture,2020,18.23,,,,Repository: ILO-STATISTICS - Micro data processing
Estonia,"Employment by sex, age and economic activity (thousands)",LFS - Labour Force Survey,Sex: Total,"Age (Youth, adults): 15-64",Economic activity (Aggregate): Construction,2020,59.21,,,,Repository: ILO-STATISTICS - Micro data processing
Ethiopia,"Employment by sex, age and economic activity (thousands)",LFS - National Labor Force Survey,Sex: Total,"Age (Youth, adults): 15-64",Economic activity (Aggregate): Agriculture,2021,22.283.795,,,,Repository: ILO-STATISTICS - Micro data processing
Ethiopia,"Employment by sex, age and economic activity (thousands)",LFS - National Labor Force Survey,Sex: Total,"Age (Youth, adults): 15-64",Economic activity (Aggregate): Construction,2021,726.421,,,,Repository: ILO-STATISTICS - Micro data processing
Fiji,"Employment by sex, age and economic activity (thousands)","LFS - Employment, Unemployment Survey",Sex: Total,"Age (Youth, adults): 15-64",Economic activity (Aggregate): Agriculture,2016,92.707,,,,Repository: ILO-STATISTICS - Micro data processing
Fiji,"Employment by sex, age and economic activity (thousands)","LFS - Employment, Unemployment Survey",Sex: Total,"Age (Youth, adults): 15-64",Economic activity (Aggregate): Construction,2016,24.706,,,,Repository: ILO-STATISTICS - Micro data processing
France,"Employment by sex, age and economic activity (thousands)",LFS - Employment Survey,Sex: Total,"Age (Youth, adults): 15-64",Economic activity (Aggregate): Agriculture,2021,646.026,,,,Repository: ILO-STATISTICS - Micro data processing
France,"Employment by sex, age and economic activity (thousands)",LFS - Employment Survey,Sex: Total,"Age (Youth, adults): 15-64",Economic activity (Aggregate): Construction,2021,1.759.012,,,,Repository: ILO-STATISTICS - Micro data processing
"Micronesia, Federated States of","Employment by sex, age and economic activity (thousands)",HIES - Household Income and Expenditure Survey,Sex: Total,"Age (Youth, adults): 15-64",Economic activity (Aggregate): Agriculture,2014,11.97,,,,Repository: ILO-STATISTICS - Micro data processing
"Micronesia, Federated States of","Employment by sex, age and economic activity (thousands)",HIES - Household Income and Expenditure Survey,Sex: Total,"Age (Youth, adults): 15-64",Economic activity (Aggregate): Construction,2014,0.899,,,,Repository: ILO-STATISTICS - Micro data processing
Georgia,"Employment by sex, age and economic activity (thousands)",LFS - Labour Force Survey,Sex: Total,"Age (Youth, adults): 15-64",Economic activity (Aggregate): Agriculture,2020,514.597,Break in series,,Break in series: Methodology revised,Repository: ILO-STATISTICS - Micro data processing
Georgia,"Employment by sex, age and economic activity (thousands)",LFS - Labour Force Survey,Sex: Total,"Age (Youth, adults): 15-64",Economic activity (Aggregate): Construction,2020,82.074,Break in series,,Break in series: Methodology revised,Repository: ILO-STATISTICS - Micro data processing
Ghana,"Employment by sex, age and economic activity (thousands)",LFS - Labour Force Survey,Sex: Total,"Age (Youth, adults): 15-64",Economic activity (Aggregate): Agriculture,2015,2.802.442,Break in series,,Break in series: Methodology revised,Repository: ILO-STATISTICS - Micro data processing
Ghana,"Employment by sex, age and economic activity (thousands)",LFS - Labour Force Survey,Sex: Total,"Age (Youth, adults): 15-64",Economic activity (Aggregate): Construction,2015,294.681,Break in series,,Break in series: Methodology revised,Repository: ILO-STATISTICS - Micro data processing
Gambia,"Employment by sex, age and economic activity (thousands)",LFS - Labour Force Survey,Sex: Total,"Age (Youth, adults): 15-64",Economic activity (Aggregate): Agriculture,2018,368.537,Break in series,,Break in series: Methodology revised,Repository: ILO-STATISTICS - Micro data processing
Gambia,"Employment by sex, age and economic activity (thousands)",LFS - Labour Force Survey,Sex: Total,"Age (Youth, adults): 15-64",Economic activity (Aggregate): Construction,2018,33.767,Break in series,,Break in series: Methodology revised,Repository: ILO-STATISTICS - Micro data processing
Guinea-Bissau,"Employment by sex, age and economic activity (thousands)",HIES - Harmonized Survey on Household Living Conditions,Sex: Total,"Age (Youth, adults): 15-64",Economic activity (Aggregate): Agriculture,2018,251.289,,,,Repository: ILO-STATISTICS - Micro data processing
Guinea-Bissau,"Employment by sex, age and economic activity (thousands)",HIES - Harmonized Survey on Household Living Conditions,Sex: Total,"Age (Youth, adults): 15-64",Economic activity (Aggregate): Construction,2018,1.466,,,,Repository: ILO-STATISTICS - Micro data processing
Greece,"Employment by sex, age and economic activity (thousands)",LFS - Labour Force Survey,Sex: Total,"Age (Youth, adults): 15-64",Economic activity (Aggregate): Agriculture,2021,408.733,,,,Repository: ILO-STATISTICS - Micro data processing
Greece,"Employment by sex, age and economic activity (thousands)",LFS - Labour Force Survey,Sex: Total,"Age (Youth, adults): 15-64",Economic activity (Aggregate): Construction,2021,139.033,,,,Repository: ILO-STATISTICS - Micro data processing
Guatemala,"Employment by sex, age and economic activity (thousands)",LFS - Monthly Employment and Income Survey,Sex: Total,"Age (Youth, adults): 15-64",Economic activity (Aggregate): Agriculture,2019,1.999.114,,,,Repository: ILO-STATISTICS - Micro data processing
Guatemala,"Employment by sex, age and economic activity (thousands)",LFS - Monthly Employment and Income Survey,Sex: Total,"Age (Youth, adults): 15-64",Economic activity (Aggregate): Construction,2019,465.897,,,,Repository: ILO-STATISTICS - Micro data processing
Guyana,"Employment by sex, age and economic activity (thousands)",LFS - Labour Force Survey,Sex: Total,"Age (Youth, adults): 15-64",Economic activity (Aggregate): Agriculture,2019,34.686,,,,Repository: ILO-STATISTICS - Micro data processing
Guyana,"Employment by sex, age and economic activity (thousands)",LFS - Labour Force Survey,Sex: Total,"Age (Youth, adults): 15-64",Economic activity (Aggregate): Construction,2019,18.603,,,,Repository: ILO-STATISTICS - Micro data processing
Honduras,"Employment by sex, age and economic activity (thousands)",HS - Continous Multi-Purpose Household Survey,Sex: Total,"Age (Youth, adults): 15-64",Economic activity (Aggregate): Agriculture,2020,806.409,Break in series,,Break in series: Methodology revised,Repository: ILO-STATISTICS - Micro data processing | Data reference period: Second quarter
Honduras,"Employment by sex, age and economic activity (thousands)",HS - Continous Multi-Purpose Household Survey,Sex: Total,"Age (Youth, adults): 15-64",Economic activity (Aggregate): Construction,2020,205.169,Break in series,,Break in series: Methodology revised,Repository: ILO-STATISTICS - Micro data processing | Data reference period: Second quarter
Haiti,"Employment by sex, age and economic activity (thousands)",HIES - Households Living Conditions Survey,Sex: Total,"Age (Youth, adults): 15-64",Economic activity (Aggregate): Agriculture,2012,1.045.676,,,,Repository: ILO-STATISTICS - Micro data processing
Haiti,"Employment by sex, age and economic activity (thousands)",HIES - Households Living Conditions Survey,Sex: Total,"Age (Youth, adults): 15-64",Economic activity (Aggregate): Construction,2012,178.269,,,,Repository: ILO-STATISTICS - Micro data processing
Hungary,"Employment by sex, age and economic activity (thousands)",LFS - Labour Force Survey,Sex: Total,"Age (Youth, adults): 15-64",Economic activity (Aggregate): Agriculture,2021,194.628,,,,Repository: ILO-STATISTICS - Micro data processing | Repository: ILO calculations based on Eurostat data
Hungary,"Employment by sex, age and economic activity (thousands)",LFS - Labour Force Survey,Sex: Total,"Age (Youth, adults): 15-64",Economic activity (Aggregate): Construction,2021,369.779,,,,Repository: ILO-STATISTICS - Micro data processing | Repository: ILO calculations based on Eurostat data
Indonesia,"Employment by sex, age and economic activity (thousands)",LFS - National Labour Force Survey,Sex: Total,"Age (Youth, adults): 15-64",Economic activity (Aggregate): Agriculture,2022,34.115.181,,,,Repository: ILO-STATISTICS - Micro data processing
Indonesia,"Employment by sex, age and economic activity (thousands)",LFS - National Labour Force Survey,Sex: Total,"Age (Youth, adults): 15-64",Economic activity (Aggregate): Construction,2022,8.110.385,,,,Repository: ILO-STATISTICS - Micro data processing
India,"Employment by sex, age and economic activity (thousands)",LFS - Periodic Labour Force Survey,Sex: Total,"Age (Youth, adults): 15-64",Economic activity (Aggregate): Agriculture,2020,158.004.817,,,,Repository: ILO-STATISTICS - Micro data processing
India,"Employment by sex, age and economic activity (thousands)",LFS - Periodic Labour Force Survey,Sex: Total,"Age (Youth, adults): 15-64",Economic activity (Aggregate): Construction,2020,40.639.994,,,,Repository: ILO-STATISTICS - Micro data processing
"Iran, Islamic Republic of","Employment by sex, age and economic activity (thousands)",LFS - Labour Force Survey,Sex: Total,"Age (Youth, adults): 15-64",Economic activity (Aggregate): Agriculture,2020,3.565.394,,,,Repository: ILO-STATISTICS - Micro data processing
"Iran, Islamic Republic of","Employment by sex, age and economic activity (thousands)",LFS - Labour Force Survey,Sex: Total,"Age (Youth, adults): 15-64",Economic activity (Aggregate): Construction,2020,3.194.789,,,,Repository: ILO-STATISTICS - Micro data processing
Iraq,"Employment by sex, age and economic activity (thousands)",LFS - Labour Force Survey,Sex: Total,"Age (Youth, adults): 15-64",Economic activity (Aggregate): Agriculture,2021,686.521,,,,Repository: ILO-STATISTICS - Micro data processing
Iraq,"Employment by sex, age and economic activity (thousands)",LFS - Labour Force Survey,Sex: Total,"Age (Youth, adults): 15-64",Economic activity (Aggregate): Construction,2021,1.395.818,,,,Repository: ILO-STATISTICS - Micro data processing
Israel,"Employment by sex, age and economic activity (thousands)",LFS - Labour Force Survey,Sex: Total,"Age (Youth, adults): 15-64",Economic activity (Aggregate): Agriculture,2021,25.217,,,,Repository: ILO-STATISTICS - Micro data processing
Israel,"Employment by sex, age and economic activity (thousands)",LFS - Labour Force Survey,Sex: Total,"Age (Youth, adults): 15-64",Economic activity (Aggregate): Construction,2021,182.232,,,,Repository: ILO-STATISTICS - Micro data processing
Jamaica,"Employment by sex, age and economic activity (thousands)",LFS - Labour Force Survey,Sex: Total,"Age (Youth, adults): 15-64",Economic activity (Aggregate): Agriculture,2020,158.037,,,,Repository: ILO-STATISTICS - Micro data processing
Jamaica,"Employment by sex, age and economic activity (thousands)",LFS - Labour Force Survey,Sex: Total,"Age (Youth, adults): 15-64",Economic activity (Aggregate): Construction,2020,95.44,,,,Repository: ILO-STATISTICS - Micro data processing
Jordan,"Employment by sex, age and economic activity (thousands)",LFS - Employment and Unemployment Survey,Sex: Total,"Age (Youth, adults): 15-64",Economic activity (Aggregate): Agriculture,2021,75.796,,,,Repository: ILO-STATISTICS - Micro data processing
Jordan,"Employment by sex, age and economic activity (thousands)",LFS - Employment and Unemployment Survey,Sex: Total,"Age (Youth, adults): 15-64",Economic activity (Aggregate): Construction,2021,181.763,,,,Repository: ILO-STATISTICS - Micro data processing
Japan,"Employment by sex, age and economic activity (thousands)",LFS - Labour Force Survey,Sex: Total,"Age (Youth, adults): 15-64",Economic activity (Aggregate): Agriculture,2020,1.004.237,,,,Repository: ILO-STATISTICS - Micro data processing
Japan,"Employment by sex, age and economic activity (thousands)",LFS - Labour Force Survey,Sex: Total,"Age (Youth, adults): 15-64",Economic activity (Aggregate): Construction,2020,4.042.478,,,,Repository: ILO-STATISTICS - Micro data processing
Kenya,"Employment by sex, age and economic activity (thousands)",HIES - Household Budget Survey,Sex: Total,"Age (Youth, adults): 15-64",Economic activity (Aggregate): Agriculture,2019,5.491.538,,,,Repository: ILO-STATISTICS - Micro data processing
Kenya,"Employment by sex, age and economic activity (thousands)",HIES - Household Budget Survey,Sex: Total,"Age (Youth, adults): 15-64",Economic activity (Aggregate): Construction,2019,1.229.528,,,,Repository: ILO-STATISTICS - Micro data processing
Kyrgyzstan,"Employment by sex, age and economic activity (thousands)",LFS - Employment and Unemployment Survey,Sex: Total,"Age (Youth, adults): 15-64",Economic activity (Aggregate): Agriculture,2021,655.565,,,,Repository: ILO-STATISTICS - Micro data processing
Kyrgyzstan,"Employment by sex, age and economic activity (thousands)",LFS - Employment and Unemployment Survey,Sex: Total,"Age (Youth, adults): 15-64",Economic activity (Aggregate): Construction,2021,314.578,,,,Repository: ILO-STATISTICS - Micro data processing
Cambodia,"Employment by sex, age and economic activity (thousands)",LFS - Labour Force Survey,Sex: Total,"Age (Youth, adults): 15-64",Economic activity (Aggregate): Agriculture,2019,3.214.995,Break in series,,Break in series: Methodology revised,Repository: ILO-STATISTICS - Micro data processing
Cambodia,"Employment by sex, age and economic activity (thousands)",LFS - Labour Force Survey,Sex: Total,"Age (Youth, adults): 15-64",Economic activity (Aggregate): Construction,2019,780.387,Break in series,,Break in series: Methodology revised,Repository: ILO-STATISTICS - Micro data processing
Kiribati,"Employment by sex, age and economic activity (thousands)",PC - Population Census,Sex: Total,"Age (Youth, adults): 15-64",Economic activity (Aggregate): Agriculture,2020,7.585,,,,Repository: ILO-STATISTICS - Micro data processing
Kiribati,"Employment by sex, age and economic activity (thousands)",PC - Population Census,Sex: Total,"Age (Youth, adults): 15-64",Economic activity (Aggregate): Construction,2020,0.423,,,,Repository: ILO-STATISTICS - Micro data processing
"Korea, Republic of","Employment by sex, age and economic activity (thousands)",LFS - Economically Active Population Survey,Sex: Total,"Age (Youth, adults): 15-64",Economic activity (Aggregate): Agriculture,2022,691.605,,,,Repository: ILO-STATISTICS - Micro data processing
"Korea, Republic of","Employment by sex, age and economic activity (thousands)",LFS - Economically Active Population Survey,Sex: Total,"Age (Youth, adults): 15-64",Economic activity (Aggregate): Construction,2022,1.940.013,,,,Repository: ILO-STATISTICS - Micro data processing
Kosovo,"Employment by sex, age and economic activity (thousands)",LFS - Labour Force Survey,Sex: Total,"Age (Youth, adults): 15-64",Economic activity (Aggregate): Agriculture,2021,13.734,,,,Repository: ILO-STATISTICS - Micro data processing
Kosovo,"Employment by sex, age and economic activity (thousands)",LFS - Labour Force Survey,Sex: Total,"Age (Youth, adults): 15-64",Economic activity (Aggregate): Construction,2021,40.531,,,,Repository: ILO-STATISTICS - Micro data processing
Lao People's Democratic Republic,"Employment by sex, age and economic activity (thousands)",LFS - Labour Force Survey,Sex: Total,"Age (Youth, adults): 15-64",Economic activity (Aggregate): Agriculture,2017,1.496.105,Break in series,,Break in series: Methodology revised,Repository: ILO-STATISTICS - Micro data processing
Lao People's Democratic Republic,"Employment by sex, age and economic activity (thousands)",LFS - Labour Force Survey,Sex: Total,"Age (Youth, adults): 15-64",Economic activity (Aggregate): Construction,2017,82.854,Break in series,,Break in series: Methodology revised,Repository: ILO-STATISTICS - Micro data processing
Lebanon,"Employment by sex, age and economic activity (thousands)",LFS - Labour Force Survey,Sex: Total,"Age (Youth, adults): 15-64",Economic activity (Aggregate): Agriculture,2019,49.585,Break in series,,Break in series: Methodology revised,Repository: ILO-STATISTICS - Micro data processing
Lebanon,"Employment by sex, age and economic activity (thousands)",LFS - Labour Force Survey,Sex: Total,"Age (Youth, adults): 15-64",Economic activity (Aggregate): Construction,2019,137.241,Break in series,,Break in series: Methodology revised,Repository: ILO-STATISTICS - Micro data processing
Saint Lucia,"Employment by sex, age and economic activity (thousands)",LFS - Labour Force Survey,Sex: Total,"Age (Youth, adults): 15-64",Economic activity (Aggregate): Agriculture,2021,6.429,,,,Repository: ILO-STATISTICS - Micro data processing
Saint Lucia,"Employment by sex, age and economic activity (thousands)",LFS - Labour Force Survey,Sex: Total,"Age (Youth, adults): 15-64",Economic activity (Aggregate): Construction,2021,6.591,,,,Repository: ILO-STATISTICS - Micro data processing
Sri Lanka,"Employment by sex, age and economic activity (thousands)",LFS - Labour Force Survey,Sex: Total,"Age (Youth, adults): 15-64",Economic activity (Aggregate): Agriculture,2020,1.876.027,,,,Repository: ILO-STATISTICS - Micro data processing
Sri Lanka,"Employment by sex, age and economic activity (thousands)",LFS - Labour Force Survey,Sex: Total,"Age (Youth, adults): 15-64",Economic activity (Aggregate): Construction,2020,625.553,,,,Repository: ILO-STATISTICS - Micro data processing
Lesotho,"Employment by sex, age and economic activity (thousands)",LFS - Labour Force Survey,Sex: Total,"Age (Youth, adults): 15-64",Economic activity (Aggregate): Agriculture,2019,168.763,,,,Repository: ILO-STATISTICS - Micro data processing
Lesotho,"Employment by sex, age and economic activity (thousands)",LFS - Labour Force Survey,Sex: Total,"Age (Youth, adults): 15-64",Economic activity (Aggregate): Construction,2019,45.61,,,,Repository: ILO-STATISTICS - Micro data processing
"Moldova, Republic of","Employment by sex, age and economic activity (thousands)",LFS - Labour Force Survey,Sex: Total,"Age (Youth, adults): 15-64",Economic activity (Aggregate): Agriculture,2021,630.056,,,,Repository: ILO-STATISTICS - Micro data processing
"Moldova, Republic of","Employment by sex, age and economic activity (thousands)",LFS - Labour Force Survey,Sex: Total,"Age (Youth, adults): 15-64",Economic activity (Aggregate): Construction,2021,64.69,,,,Repository: ILO-STATISTICS - Micro data processing
Madagascar,"Employment by sex, age and economic activity (thousands)",LFS - National Survey on Employment and the Informal Sector,Sex: Total,"Age (Youth, adults): 15-64",Economic activity (Aggregate): Agriculture,2015,7.855.668,,,,Repository: ILO-STATISTICS - Micro data processing
Madagascar,"Employment by sex, age and economic activity (thousands)",LFS - National Survey on Employment and the Informal Sector,Sex: Total,"Age (Youth, adults): 15-64",Economic activity (Aggregate): Construction,2015,161.722,,,,Repository: ILO-STATISTICS - Micro data processing
Maldives,"Employment by sex, age and economic activity (thousands)",HIES - Household Income and Expenditure Survey,Sex: Total,"Age (Youth, adults): 15-64",Economic activity (Aggregate): Agriculture,2019,22.551,,,,Repository: ILO-STATISTICS - Micro data processing
Maldives,"Employment by sex, age and economic activity (thousands)",HIES - Household Income and Expenditure Survey,Sex: Total,"Age (Youth, adults): 15-64",Economic activity (Aggregate): Construction,2019,5.738,,,,Repository: ILO-STATISTICS - Micro data processing
Mexico,"Employment by sex, age and economic activity (thousands)",LFS - National Occupation and Employment Survey,Sex: Total,"Age (Youth, adults): 15-64",Economic activity (Aggregate): Agriculture,2021,5.887.362,,,,Repository: ILO-STATISTICS - Micro data processing
Mexico,"Employment by sex, age and economic activity (thousands)",LFS - National Occupation and Employment Survey,Sex: Total,"Age (Youth, adults): 15-64",Economic activity (Aggregate): Construction,2021,4.229.103,,,,Repository: ILO-STATISTICS - Micro data processing
Marshall Islands,"Employment by sex, age and economic activity (thousands)",HIES - Household Income and Expenditure Survey,Sex: Total,"Age (Youth, adults): 15-64",Economic activity (Aggregate): Agriculture,2019,1.017,,,,Repository: ILO-STATISTICS - Micro data processing
Marshall Islands,"Employment by sex, age and economic activity (thousands)",HIES - Household Income and Expenditure Survey,Sex: Total,"Age (Youth, adults): 15-64",Economic activity (Aggregate): Construction,2019,1.138,,,,Repository: ILO-STATISTICS - Micro data processing
North Macedonia,"Employment by sex, age and economic activity (thousands)",LFS - Labour Force Survey,Sex: Total,"Age (Youth, adults): 15-64",Economic activity (Aggregate): Agriculture,2021,81.707,,,,Repository: ILO-STATISTICS - Micro data processing
North Macedonia,"Employment by sex, age and economic activity (thousands)",LFS - Labour Force Survey,Sex: Total,"Age (Youth, adults): 15-64",Economic activity (Aggregate): Construction,2021,54.181,,,,Repository: ILO-STATISTICS - Micro data processing
Mali,"Employment by sex, age and economic activity (thousands)",LFS - Continous Household Employment Survey,Sex: Total,"Age (Youth, adults): 15-64",Economic activity (Aggregate): Agriculture,2020,4.047.195,,,,Repository: ILO-STATISTICS - Micro data processing
Mali,"Employment by sex, age and economic activity (thousands)",LFS - Continous Household Employment Survey,Sex: Total,"Age (Youth, adults): 15-64",Economic activity (Aggregate): Construction,2020,118.653,,,,Repository: ILO-STATISTICS - Micro data processing
Malta,"Employment by sex, age and economic activity (thousands)",LFS - Labour Force Survey,Sex: Total,"Age (Youth, adults): 15-64",Economic activity (Aggregate): Agriculture,2021,2.002,,,,Repository: ILO-STATISTICS - Micro data processing
Malta,"Employment by sex, age and economic activity (thousands)",LFS - Labour Force Survey,Sex: Total,"Age (Youth, adults): 15-64",Economic activity (Aggregate): Construction,2021,17.309,,,,Repository: ILO-STATISTICS - Micro data processing
Myanmar,"Employment by sex, age and economic activity (thousands)",LFS - Labour Force Survey,Sex: Total,"Age (Youth, adults): 15-64",Economic activity (Aggregate): Agriculture,2020,10014.16,,,,Repository: ILO-STATISTICS - Micro data processing | Data reference period: First semester
Myanmar,"Employment by sex, age and economic activity (thousands)",LFS - Labour Force Survey,Sex: Total,"Age (Youth, adults): 15-64",Economic activity (Aggregate): Construction,2020,1.195.445,,,,Repository: ILO-STATISTICS - Micro data processing | Data reference period: First semester
Montenegro,"Employment by sex, age and economic activity (thousands)",LFS - Labour Force Survey,Sex: Total,"Age (Youth, adults): 15-64",Economic activity (Aggregate): Agriculture,2020,14.088,,,,Repository: ILO-STATISTICS - Micro data processing
Montenegro,"Employment by sex, age and economic activity (thousands)",LFS - Labour Force Survey,Sex: Total,"Age (Youth, adults): 15-64",Economic activity (Aggregate): Construction,2020,18.211,,,,Repository: ILO-STATISTICS - Micro data processing
Mongolia,"Employment by sex, age and economic activity (thousands)",LFS - Labour Force Survey,Sex: Total,"Age (Youth, adults): 15-64",Economic activity (Aggregate): Agriculture,2021,292.781,,,,Repository: ILO-STATISTICS - Micro data processing
Mongolia,"Employment by sex, age and economic activity (thousands)",LFS - Labour Force Survey,Sex: Total,"Age (Youth, adults): 15-64",Economic activity (Aggregate): Construction,2021,81.821,,,,Repository: ILO-STATISTICS - Micro data processing
Mozambique,"Employment by sex, age and economic activity (thousands)",HIES - Household Budget Survey,Sex: Total,"Age (Youth, adults): 15-64",Economic activity (Aggregate): Agriculture,2015,6.555.438,,,,Repository: ILO-STATISTICS - Micro data processing
Mozambique,"Employment by sex, age and economic activity (thousands)",HIES - Household Budget Survey,Sex: Total,"Age (Youth, adults): 15-64",Economic activity (Aggregate): Construction,2015,289.02,,,,Repository: ILO-STATISTICS - Micro data processing
Mauritania,"Employment by sex, age and economic activity (thousands)",LFS - National Reference Survey on Employment and Informal Sector,Sex: Total,"Age (Youth, adults): 15-64",Economic activity (Aggregate): Agriculture,2017,221.218,,,,Repository: ILO-STATISTICS - Micro data processing | Age coverage - maximum age: 75 years old
Mauritania,"Employment by sex, age and economic activity (thousands)",LFS - National Reference Survey on Employment and Informal Sector,Sex: Total,"Age (Youth, adults): 15-64",Economic activity (Aggregate): Construction,2017,33.64,,,,Repository: ILO-STATISTICS - Micro data processing | Age coverage - maximum age: 75 years old
Mauritius,"Employment by sex, age and economic activity (thousands)",LFS - Continuous Multi-Purpose Household Survey,Sex: Total,"Age (Youth, adults): 15-64",Economic activity (Aggregate): Agriculture,2021,22.931,,,,Repository: ILO-STATISTICS - Micro data processing | Age coverage - minimum age: 16 years old
Mauritius,"Employment by sex, age and economic activity (thousands)",LFS - Continuous Multi-Purpose Household Survey,Sex: Total,"Age (Youth, adults): 15-64",Economic activity (Aggregate): Construction,2021,38.954,,,,Repository: ILO-STATISTICS - Micro data processing | Age coverage - minimum age: 16 years old
Malawi,"Employment by sex, age and economic activity (thousands)",LFS - Labour Force Survey,Sex: Total,"Age (Youth, adults): 15-64",Economic activity (Aggregate): Agriculture,2013,3.553.564,Break in series,,Break in series: Methodology revised,Repository: ILO-STATISTICS - Micro data processing
Malawi,"Employment by sex, age and economic activity (thousands)",LFS - Labour Force Survey,Sex: Total,"Age (Youth, adults): 15-64",Economic activity (Aggregate): Construction,2013,145.972,Break in series,,Break in series: Methodology revised,Repository: ILO-STATISTICS - Micro data processing
Namibia,"Employment by sex, age and economic activity (thousands)",LFS - Labour Force Survey,Sex: Total,"Age (Youth, adults): 15-64",Economic activity (Aggregate): Agriculture,2018,133.335,,,,Repository: ILO-STATISTICS - Micro data processing
Namibia,"Employment by sex, age and economic activity (thousands)",LFS - Labour Force Survey,Sex: Total,"Age (Youth, adults): 15-64",Economic activity (Aggregate): Construction,2018,43.523,,,,Repository: ILO-STATISTICS - Micro data processing
New Caledonia,"Employment by sex, age and economic activity (thousands)",LFS - Labour Force Survey,Sex: Total,"Age (Youth, adults): 15-64",Economic activity (Aggregate): Agriculture,2020,1.188,,,,Repository: ILO-STATISTICS - Micro data processing
New Caledonia,"Employment by sex, age and economic activity (thousands)",LFS - Labour Force Survey,Sex: Total,"Age (Youth, adults): 15-64",Economic activity (Aggregate): Construction,2020,6.418,,,,Repository: ILO-STATISTICS - Micro data processing
Niger,"Employment by sex, age and economic activity (thousands)",LFS - National Survey on Employment and the Informal Sector,Sex: Total,"Age (Youth, adults): 15-64",Economic activity (Aggregate): Agriculture,2017,613.038,Break in series,,Break in series: Methodology revised,Repository: ILO-STATISTICS - Micro data processing
Niger,"Employment by sex, age and economic activity (thousands)",LFS - National Survey on Employment and the Informal Sector,Sex: Total,"Age (Youth, adults): 15-64",Economic activity (Aggregate): Construction,2017,52.335,Break in series,,Break in series: Methodology revised,Repository: ILO-STATISTICS - Micro data processing
Nigeria,"Employment by sex, age and economic activity (thousands)",HIES - Socio Economic Survey,Sex: Total,"Age (Youth, adults): 15-64",Economic activity (Aggregate): Agriculture,2019,22.004.293,Break in series,,Break in series: Methodology revised,Repository: ILO-STATISTICS - Micro data processing
Nigeria,"Employment by sex, age and economic activity (thousands)",HIES - Socio Economic Survey,Sex: Total,"Age (Youth, adults): 15-64",Economic activity (Aggregate): Construction,2019,1.341.134,Break in series,,Break in series: Methodology revised,Repository: ILO-STATISTICS - Micro data processing
Nicaragua,"Employment by sex, age and economic activity (thousands)",LFS - Continous Household Survey,Sex: Total,"Age (Youth, adults): 15-64",Economic activity (Aggregate): Agriculture,2012,852.151,Break in series,,Break in series: Methodology revised,Repository: ILO-STATISTICS - Micro data processing
Nicaragua,"Employment by sex, age and economic activity (thousands)",LFS - Continous Household Survey,Sex: Total,"Age (Youth, adults): 15-64",Economic activity (Aggregate): Construction,2012,128.559,Break in series,,Break in series: Methodology revised,Repository: ILO-STATISTICS - Micro data processing
Nepal,"Employment by sex, age and economic activity (thousands)",LFS - Labour Force Survey,Sex: Total,"Age (Youth, adults): 15-64",Economic activity (Aggregate): Agriculture,2017,1.729.323,Break in series,,Break in series: Methodology revised,Repository: ILO-STATISTICS - Micro data processing
Nepal,"Employment by sex, age and economic activity (thousands)",LFS - Labour Force Survey,Sex: Total,"Age (Youth, adults): 15-64",Economic activity (Aggregate): Construction,2017,960.912,Break in series,,Break in series: Methodology revised,Repository: ILO-STATISTICS - Micro data processing
Nauru,"Employment by sex, age and economic activity (thousands)",HIES - Household Income and Expenditure Survey,Sex: Total,"Age (Youth, adults): 15-64",Economic activity (Aggregate): Agriculture,2013,0.096,,,,Repository: ILO-STATISTICS - Micro data processing
Nauru,"Employment by sex, age and economic activity (thousands)",HIES - Household Income and Expenditure Survey,Sex: Total,"Age (Youth, adults): 15-64",Economic activity (Aggregate): Construction,2013,0.112,,,,Repository: ILO-STATISTICS - Micro data processing
Pakistan,"Employment by sex, age and economic activity (thousands)",LFS - Labour Force Survey,Sex: Total,"Age (Youth, adults): 15-64",Economic activity (Aggregate): Agriculture,2021,22022.47,,,,Repository: ILO-STATISTICS - Micro data processing | Data reference period: Noncalendar year
Pakistan,"Employment by sex, age and economic activity (thousands)",LFS - Labour Force Survey,Sex: Total,"Age (Youth, adults): 15-64",Economic activity (Aggregate): Construction,2021,5.846.898,,,,Repository: ILO-STATISTICS - Micro data processing | Data reference period: Noncalendar year
Panama,"Employment by sex, age and economic activity (thousands)",LFS - Labour Market Survey,Sex: Total,"Age (Youth, adults): 15-64",Economic activity (Aggregate): Agriculture,2021,229.94,Break in series,,Break in series: Methodology revised,Repository: ILO-STATISTICS - Micro data processing | Data reference period: October
Panama,"Employment by sex, age and economic activity (thousands)",LFS - Labour Market Survey,Sex: Total,"Age (Youth, adults): 15-64",Economic activity (Aggregate): Construction,2021,139.683,Break in series,,Break in series: Methodology revised,Repository: ILO-STATISTICS - Micro data processing | Data reference period: October
Peru,"Employment by sex, age and economic activity (thousands)",HS - National Household Survey,Sex: Total,"Age (Youth, adults): 15-64",Economic activity (Aggregate): Agriculture,2021,4.315.016,,,,Repository: ILO-STATISTICS - Micro data processing
Peru,"Employment by sex, age and economic activity (thousands)",HS - National Household Survey,Sex: Total,"Age (Youth, adults): 15-64",Economic activity (Aggregate): Construction,2021,1.182.751,,,,Repository: ILO-STATISTICS - Micro data processing
Philippines,"Employment by sex, age and economic activity (thousands)",LFS - Labour Force Survey,Sex: Total,"Age (Youth, adults): 15-64",Economic activity (Aggregate): Agriculture,2021,9.085.912,,,,Repository: ILO-STATISTICS - Micro data processing
Philippines,"Employment by sex, age and economic activity (thousands)",LFS - Labour Force Survey,Sex: Total,"Age (Youth, adults): 15-64",Economic activity (Aggregate): Construction,2021,4.100.855,,,,Repository: ILO-STATISTICS - Micro data processing
Papua New Guinea,"Employment by sex, age and economic activity (thousands)",HIES - Household Income and Expenditure Survey,Sex: Total,"Age (Youth, adults): 15-64",Economic activity (Aggregate): Agriculture,2010,362.721,Break in series,,Break in series: Methodology revised,Repository: ILO-STATISTICS - Micro data processing
Papua New Guinea,"Employment by sex, age and economic activity (thousands)",HIES - Household Income and Expenditure Survey,Sex: Total,"Age (Youth, adults): 15-64",Economic activity (Aggregate): Construction,2010,51.142,Break in series,,Break in series: Methodology revised,Repository: ILO-STATISTICS - Micro data processing
Paraguay,"Employment by sex, age and economic activity (thousands)",HS - Continous Household Survey,Sex: Total,"Age (Youth, adults): 15-64",Economic activity (Aggregate): Agriculture,2017,574.773,,,,Repository: ILO-STATISTICS - Micro data processing
Paraguay,"Employment by sex, age and economic activity (thousands)",HS - Continous Household Survey,Sex: Total,"Age (Youth, adults): 15-64",Economic activity (Aggregate): Construction,2017,247.901,,,,Repository: ILO-STATISTICS - Micro data processing
Occupied Palestinian Territory,"Employment by sex, age and economic activity (thousands)",LFS - Labour Force Survey,Sex: Total,"Age (Youth, adults): 15-64",Economic activity (Aggregate): Agriculture,2021,66.471,,,,Repository: ILO-STATISTICS - Micro data processing
Occupied Palestinian Territory,"Employment by sex, age and economic activity (thousands)",LFS - Labour Force Survey,Sex: Total,"Age (Youth, adults): 15-64",Economic activity (Aggregate): Construction,2021,193.521,,,,Repository: ILO-STATISTICS - Micro data processing
Russian Federation,"Employment by sex, age and economic activity (thousands)",LFS - Labour Force Survey,Sex: Total,"Age (Youth, adults): 15-64",Economic activity (Aggregate): Agriculture,2021,3.997.662,,,,Repository: ILO-STATISTICS - Micro data processing
Russian Federation,"Employment by sex, age and economic activity (thousands)",LFS - Labour Force Survey,Sex: Total,"Age (Youth, adults): 15-64",Economic activity (Aggregate): Construction,2021,4.854.534,,,,Repository: ILO-STATISTICS - Micro data processing
Rwanda,"Employment by sex, age and economic activity (thousands)",LFS - Labour Force Survey,Sex: Total,"Age (Youth, adults): 15-64",Economic activity (Aggregate): Agriculture,2021,2112.51,,,,Repository: ILO-STATISTICS - Micro data processing
Rwanda,"Employment by sex, age and economic activity (thousands)",LFS - Labour Force Survey,Sex: Total,"Age (Youth, adults): 15-64",Economic activity (Aggregate): Construction,2021,359.442,,,,Repository: ILO-STATISTICS - Micro data processing
Sudan,"Employment by sex, age and economic activity (thousands)",LFS - Household Survey,Sex: Total,"Age (Youth, adults): 15-64",Economic activity (Aggregate): Agriculture,2011,2.975.539,,,,Repository: ILO-STATISTICS - Micro data processing
Sudan,"Employment by sex, age and economic activity (thousands)",LFS - Household Survey,Sex: Total,"Age (Youth, adults): 15-64",Economic activity (Aggregate): Construction,2011,414.419,,,,Repository: ILO-STATISTICS - Micro data processing
Senegal,"Employment by sex, age and economic activity (thousands)",LFS - National Employment Survey,Sex: Total,"Age (Youth, adults): 15-64",Economic activity (Aggregate): Agriculture,2019,1006.89,,,,Repository: ILO-STATISTICS - Micro data processing
Senegal,"Employment by sex, age and economic activity (thousands)",LFS - National Employment Survey,Sex: Total,"Age (Youth, adults): 15-64",Economic activity (Aggregate): Construction,2019,292.65,,,,Repository: ILO-STATISTICS - Micro data processing
Solomon Islands,"Employment by sex, age and economic activity (thousands)",HIES - Household Income and Expenditure Survey,Sex: Total,"Age (Youth, adults): 15-64",Economic activity (Aggregate): Agriculture,2013,146.828,,,,Repository: ILO-STATISTICS - Micro data processing
Solomon Islands,"Employment by sex, age and economic activity (thousands)",HIES - Household Income and Expenditure Survey,Sex: Total,"Age (Youth, adults): 15-64",Economic activity (Aggregate): Construction,2013,9.243,,,,Repository: ILO-STATISTICS - Micro data processing
Sierra Leone,"Employment by sex, age and economic activity (thousands)",HS - Integrated Household Survey,Sex: Total,"Age (Youth, adults): 15-64",Economic activity (Aggregate): Agriculture,2018,1111.04,,,,Repository: ILO-STATISTICS - Micro data processing
Sierra Leone,"Employment by sex, age and economic activity (thousands)",HS - Integrated Household Survey,Sex: Total,"Age (Youth, adults): 15-64",Economic activity (Aggregate): Construction,2018,90.591,,,,Repository: ILO-STATISTICS - Micro data processing
El Salvador,"Employment by sex, age and economic activity (thousands)",HS - Multi-purpose Household Survey,Sex: Total,"Age (Youth, adults): 15-64",Economic activity (Aggregate): Agriculture,2021,361.088,,,,Repository: ILO-STATISTICS - Micro data processing
El Salvador,"Employment by sex, age and economic activity (thousands)",HS - Multi-purpose Household Survey,Sex: Total,"Age (Youth, adults): 15-64",Economic activity (Aggregate): Construction,2021,205.228,,,,Repository: ILO-STATISTICS - Micro data processing
Somalia,"Employment by sex, age and economic activity (thousands)",LFS - Labour Force Survey,Sex: Total,"Age (Youth, adults): 15-64",Economic activity (Aggregate): Agriculture,2019,269.656,,,,Repository: ILO-STATISTICS - Micro data processing
Somalia,"Employment by sex, age and economic activity (thousands)",LFS - Labour Force Survey,Sex: Total,"Age (Youth, adults): 15-64",Economic activity (Aggregate): Construction,2019,29.76,,,,Repository: ILO-STATISTICS - Micro data processing
Serbia,"Employment by sex, age and economic activity (thousands)",LFS - Labour Force Survey,Sex: Total,"Age (Youth, adults): 15-64",Economic activity (Aggregate): Agriculture,2021,259.491,,,,Repository: ILO-STATISTICS - Micro data processing
Serbia,"Employment by sex, age and economic activity (thousands)",LFS - Labour Force Survey,Sex: Total,"Age (Youth, adults): 15-64",Economic activity (Aggregate): Construction,2021,89.102,,,,Repository: ILO-STATISTICS - Micro data processing
Suriname,"Employment by sex, age and economic activity (thousands)",HIES - Survey on Living Conditions,Sex: Total,"Age (Youth, adults): 15-64",Economic activity (Aggregate): Agriculture,2016,13.734,,,,Repository: ILO-STATISTICS - Micro data processing
Suriname,"Employment by sex, age and economic activity (thousands)",HIES - Survey on Living Conditions,Sex: Total,"Age (Youth, adults): 15-64",Economic activity (Aggregate): Construction,2016,15.522,,,,Repository: ILO-STATISTICS - Micro data processing
Slovakia,"Employment by sex, age and economic activity (thousands)",LFS - Labour Force Survey,Sex: Total,"Age (Youth, adults): 15-64",Economic activity (Aggregate): Agriculture,2021,61.194,,,,Repository: ILO-STATISTICS - Micro data processing
Slovakia,"Employment by sex, age and economic activity (thousands)",LFS - Labour Force Survey,Sex: Total,"Age (Youth, adults): 15-64",Economic activity (Aggregate): Construction,2021,180.593,,,,Repository: ILO-STATISTICS - Micro data processing
Slovenia,"Employment by sex, age and economic activity (thousands)",LFS - Labour Force Survey,Sex: Total,"Age (Youth, adults): 15-64",Economic activity (Aggregate): Agriculture,2020,33.942,,,,Repository: ILO-STATISTICS - Micro data processing
Slovenia,"Employment by sex, age and economic activity (thousands)",LFS - Labour Force Survey,Sex: Total,"Age (Youth, adults): 15-64",Economic activity (Aggregate): Construction,2020,59.324,,,,Repository: ILO-STATISTICS - Micro data processing
Eswatini,"Employment by sex, age and economic activity (thousands)",LFS - Labour Force Survey,Sex: Total,"Age (Youth, adults): 15-64",Economic activity (Aggregate): Agriculture,2016,35.385,,,,Repository: ILO-STATISTICS - Micro data processing
Eswatini,"Employment by sex, age and economic activity (thousands)",LFS - Labour Force Survey,Sex: Total,"Age (Youth, adults): 15-64",Economic activity (Aggregate): Construction,2016,19.75,,,,Repository: ILO-STATISTICS - Micro data processing
Seychelles,"Employment by sex, age and economic activity (thousands)",LFS - Labour Force Survey,Sex: Total,"Age (Youth, adults): 15-64",Economic activity (Aggregate): Agriculture,2020,1.852,,,,Repository: ILO-STATISTICS - Micro data processing
Seychelles,"Employment by sex, age and economic activity (thousands)",LFS - Labour Force Survey,Sex: Total,"Age (Youth, adults): 15-64",Economic activity (Aggregate): Construction,2020,2.292,,,,Repository: ILO-STATISTICS - Micro data processing
Chad,"Employment by sex, age and economic activity (thousands)",HIES - Modular and Integrated Household Survey on Living Conditions,Sex: Total,"Age (Youth, adults): 15-64",Economic activity (Aggregate): Agriculture,2018,2.843.285,,,,Repository: ILO-STATISTICS - Micro data processing
Chad,"Employment by sex, age and economic activity (thousands)",HIES - Modular and Integrated Household Survey on Living Conditions,Sex: Total,"Age (Youth, adults): 15-64",Economic activity (Aggregate): Construction,2018,63.607,,,,Repository: ILO-STATISTICS - Micro data processing
Togo,"Employment by sex, age and economic activity (thousands)",LFS - Regional Integrated Survey on Employment and the Informal Sector,Sex: Total,"Age (Youth, adults): 15-64",Economic activity (Aggregate): Agriculture,2017,636.98,Break in series,,Break in series: Methodology revised,Repository: ILO-STATISTICS - Micro data processing | Age coverage - maximum age: 75 years old
Togo,"Employment by sex, age and economic activity (thousands)",LFS - Regional Integrated Survey on Employment and the Informal Sector,Sex: Total,"Age (Youth, adults): 15-64",Economic activity (Aggregate): Construction,2017,66.671,Break in series,,Break in series: Methodology revised,Repository: ILO-STATISTICS - Micro data processing | Age coverage - maximum age: 75 years old
Thailand,"Employment by sex, age and economic activity (thousands)",LFS - Labour Force Survey,Sex: Total,"Age (Youth, adults): 15-64",Economic activity (Aggregate): Agriculture,2021,10.604.532,,,,Repository: ILO-STATISTICS - Micro data processing
Thailand,"Employment by sex, age and economic activity (thousands)",LFS - Labour Force Survey,Sex: Total,"Age (Youth, adults): 15-64",Economic activity (Aggregate): Construction,2021,2.159.844,,,,Repository: ILO-STATISTICS - Micro data processing
Timor-Leste,"Employment by sex, age and economic activity (thousands)",LFS - Labour Force Survey,Sex: Total,"Age (Youth, adults): 15-64",Economic activity (Aggregate): Agriculture,2021,93.012,,,,Repository: ILO-STATISTICS - Micro data processing
Timor-Leste,"Employment by sex, age and economic activity (thousands)",LFS - Labour Force Survey,Sex: Total,"Age (Youth, adults): 15-64",Economic activity (Aggregate): Construction,2021,14.183,,,,Repository: ILO-STATISTICS - Micro data processing
Tonga,"Employment by sex, age and economic activity (thousands)",LFS - Labour Force Survey,Sex: Total,"Age (Youth, adults): 15-64",Economic activity (Aggregate): Agriculture,2018,9.102,Break in series,,Break in series: Methodology revised,Repository: ILO-STATISTICS - Micro data processing
Tonga,"Employment by sex, age and economic activity (thousands)",LFS - Labour Force Survey,Sex: Total,"Age (Youth, adults): 15-64",Economic activity (Aggregate): Construction,2018,2.39,Break in series,,Break in series: Methodology revised,Repository: ILO-STATISTICS - Micro data processing
Trinidad and Tobago,"Employment by sex, age and economic activity (thousands)",LFS - Continuous Sample Survey of the Population,Sex: Total,"Age (Youth, adults): 15-64",Economic activity (Aggregate): Agriculture,2021,3.294,,,,Repository: ILO-STATISTICS - Micro data processing
Trinidad and Tobago,"Employment by sex, age and economic activity (thousands)",LFS - Continuous Sample Survey of the Population,Sex: Total,"Age (Youth, adults): 15-64",Economic activity (Aggregate): Construction,2021,7.149,,,,Repository: ILO-STATISTICS - Micro data processing
Tunisia,"Employment by sex, age and economic activity (thousands)",LFS - National Population and Employment Survey,Sex: Total,"Age (Youth, adults): 15-64",Economic activity (Aggregate): Agriculture,2017,478.167,,,,Repository: ILO-STATISTICS - Micro data processing | Data reference period: Second quarter
Tunisia,"Employment by sex, age and economic activity (thousands)",LFS - National Population and Employment Survey,Sex: Total,"Age (Youth, adults): 15-64",Economic activity (Aggregate): Construction,2017,470.421,,,,Repository: ILO-STATISTICS - Micro data processing | Data reference period: Second quarter
Türkiye,"Employment by sex, age and economic activity (thousands)",LFS - Household Labour Force Survey,Sex: Total,"Age (Youth, adults): 15-64",Economic activity (Aggregate): Agriculture,2021,4.376.906,,,,Repository: ILO-STATISTICS - Micro data processing
Türkiye,"Employment by sex, age and economic activity (thousands)",LFS - Household Labour Force Survey,Sex: Total,"Age (Youth, adults): 15-64",Economic activity (Aggregate): Construction,2021,1.758.964,,,,Repository: ILO-STATISTICS - Micro data processing
Tuvalu,"Employment by sex, age and economic activity (thousands)",HIES - Household Income and Expenditure Survey,Sex: Total,"Age (Youth, adults): 15-64",Economic activity (Aggregate): Agriculture,2016,1.031,,,,Repository: ILO-STATISTICS - Micro data processing
Tuvalu,"Employment by sex, age and economic activity (thousands)",HIES - Household Income and Expenditure Survey,Sex: Total,"Age (Youth, adults): 15-64",Economic activity (Aggregate): Construction,2016,0.173,,,,Repository: ILO-STATISTICS - Micro data processing
"Tanzania, United Republic of","Employment by sex, age and economic activity (thousands)",LFS - Labour Force Survey,Sex: Total,"Age (Youth, adults): 15-64",Economic activity (Aggregate): Agriculture,2020,15153.04,Break in series,,Break in series: Methodology revised,Repository: ILO-STATISTICS - Micro data processing
"Tanzania, United Republic of","Employment by sex, age and economic activity (thousands)",LFS - Labour Force Survey,Sex: Total,"Age (Youth, adults): 15-64",Economic activity (Aggregate): Construction,2020,594.144,Break in series,,Break in series: Methodology revised,Repository: ILO-STATISTICS - Micro data processing
Uganda,"Employment by sex, age and economic activity (thousands)",LFS - National Labour Force Survey,Sex: Total,"Age (Youth, adults): 15-64",Economic activity (Aggregate): Agriculture,2021,3555.41,,,,Repository: ILO-STATISTICS - Micro data processing
Uganda,"Employment by sex, age and economic activity (thousands)",LFS - National Labour Force Survey,Sex: Total,"Age (Youth, adults): 15-64",Economic activity (Aggregate): Construction,2021,431.317,,,,Repository: ILO-STATISTICS - Micro data processing
Uruguay,"Employment by sex, age and economic activity (thousands)",LFS - Continous Household Survey,Sex: Total,"Age (Youth, adults): 15-64",Economic activity (Aggregate): Agriculture,2021,122.499,,,,Repository: ILO-STATISTICS - Micro data processing
Uruguay,"Employment by sex, age and economic activity (thousands)",LFS - Continous Household Survey,Sex: Total,"Age (Youth, adults): 15-64",Economic activity (Aggregate): Construction,2021,108.421,,,,Repository: ILO-STATISTICS - Micro data processing
United States,"Employment by sex, age and economic activity (thousands)",LFS - Current Population Survey,Sex: Total,"Age (Youth, adults): 15-64",Economic activity (Aggregate): Agriculture,2022,2.137.957,,Nonstandard age group: Excluding age 15,,Repository: ILO-STATISTICS - Micro data processing | Age coverage - minimum age: 16 years old
United States,"Employment by sex, age and economic activity (thousands)",LFS - Current Population Survey,Sex: Total,"Age (Youth, adults): 15-64",Economic activity (Aggregate): Construction,2022,11.586.291,,Nonstandard age group: Excluding age 15,,Repository: ILO-STATISTICS - Micro data processing | Age coverage - minimum age: 16 years old
"Venezuela, Bolivarian Republic of","Employment by sex, age and economic activity (thousands)",LFS - Household Sample Survey,Sex: Total,"Age (Youth, adults): 15-64",Economic activity (Aggregate): Agriculture,2017,1.071.225,,,,Repository: ILO-STATISTICS - Micro data processing
"Venezuela, Bolivarian Republic of","Employment by sex, age and economic activity (thousands)",LFS - Household Sample Survey,Sex: Total,"Age (Youth, adults): 15-64",Economic activity (Aggregate): Construction,2017,1018.66,,,,Repository: ILO-STATISTICS - Micro data processing
Viet Nam,"Employment by sex, age and economic activity (thousands)",LFS - Labour Force Survey,Sex: Total,"Age (Youth, adults): 15-64",Economic activity (Aggregate): Agriculture,2021,12.892.662,,,,Repository: ILO-STATISTICS - Micro data processing
Viet Nam,"Employment by sex, age and economic activity (thousands)",LFS - Labour Force Survey,Sex: Total,"Age (Youth, adults): 15-64",Economic activity (Aggregate): Construction,2021,4.485.881,,,,Repository: ILO-STATISTICS - Micro data processing
Vanuatu,"Employment by sex, age and economic activity (thousands)",HIES - Household Income and Expenditure Survey,Sex: Total,"Age (Youth, adults): 15-64",Economic activity (Aggregate): Agriculture,2019,45.724,,,,Repository: ILO-STATISTICS - Micro data processing
Vanuatu,"Employment by sex, age and economic activity (thousands)",HIES - Household Income and Expenditure Survey,Sex: Total,"Age (Youth, adults): 15-64",Economic activity (Aggregate): Construction,2019,3.18,,,,Repository: ILO-STATISTICS - Micro data processing
Samoa,"Employment by sex, age and economic activity (thousands)",LFS - Labour Force Survey,Sex: Total,"Age (Youth, adults): 15-64",Economic activity (Aggregate): Agriculture,2017,8.499,Break in series,,Break in series: Methodology revised,Repository: ILO-STATISTICS - Micro data processing
Samoa,"Employment by sex, age and economic activity (thousands)",LFS - Labour Force Survey,Sex: Total,"Age (Youth, adults): 15-64",Economic activity (Aggregate): Construction,2017,2.905,Break in series,,Break in series: Methodology revised,Repository: ILO-STATISTICS - Micro data processing
Yemen,"Employment by sex, age and economic activity (thousands)",LFS - Labour Force Survey,Sex: Total,"Age (Youth, adults): 15-64",Economic activity (Aggregate): Agriculture,2014,1.155.292,Break in series,,Break in series: Methodology revised,Repository: ILO-STATISTICS - Micro data processing
Yemen,"Employment by sex, age and economic activity (thousands)",LFS - Labour Force Survey,Sex: Total,"Age (Youth, adults): 15-64",Economic activity (Aggregate): Construction,2014,354.794,Break in series,,Break in series: Methodology revised,Repository: ILO-STATISTICS - Micro data processing
South Africa,"Employment by sex, age and economic activity (thousands)",LFS - Quarterly Labour Force Survey,Sex: Total,"Age (Youth, adults): 15-64",Economic activity (Aggregate): Agriculture,2021,3.295.587,,,,Repository: ILO-STATISTICS - Micro data processing
South Africa,"Employment by sex, age and economic activity (thousands)",LFS - Quarterly Labour Force Survey,Sex: Total,"Age (Youth, adults): 15-64",Economic activity (Aggregate): Construction,2021,1.091.217,,,,Repository: ILO-STATISTICS - Micro data processing
Zambia,"Employment by sex, age and economic activity (thousands)",LFS - Labour Force Survey,Sex: Total,"Age (Youth, adults): 15-64",Economic activity (Aggregate): Agriculture,2021,3.123.576,,,,Repository: ILO-STATISTICS - Micro data processing
Zambia,"Employment by sex, age and economic activity (thousands)",LFS - Labour Force Survey,Sex: Total,"Age (Youth, adults): 15-64",Economic activity (Aggregate): Construction,2021,165.517,,,,Repository: ILO-STATISTICS - Micro data processing
Zimbabwe,"Employment by sex, age and economic activity (thousands)",LFS - Labour Force Survey,Sex: Total,"Age (Youth, adults): 15-64",Economic activity (Aggregate): Agriculture,2021,2.546.945,,,,Repository: ILO-STATISTICS - Micro data processing
Zimbabwe,"Employment by sex, age and economic activity (thousands)",LFS - Labour Force Survey,Sex: Total,"Age (Youth, adults): 15-64",Economic activity (Aggregate): Construction,2021,139.182,,,,Repository: ILO-STATISTICS - Micro data processing
