Country Name,Country Code,Indicator Name,Indicator Code,1960,1961,1962,1963,1964,1965,1966,1967,1968,1969,1970,1971,1972,1973,1974,1975,1976,1977,1978,1979,1980,1981,1982,1983,1984,1985,1986,1987,1988,1989,1990,1991,1992,1993,1994,1995,1996,1997,1998,1999,2000,2001,2002,2003,2004,2005,2006,2007,2008,2009,2010,2011,2012,2013,2014,2015,2016,2017,2018,2019,2020,2021,2022,2023,2024
Aruba,ABW,Poverty headcount ratio at $8.30 a day (2021 PPP) (% of population),SI.POV.UMIC,,,,,,,,,,,,,,,,,,,,,,,,,,,,,,,,,,,,,,,,,,,,,,,,,,,,,,,,,,,,,,,,,
Africa Eastern and Southern,AFE,Poverty headcount ratio at $8.30 a day (2021 PPP) (% of population),SI.POV.UMIC,,,,,,,,,,,,,,,,,,,,,,,,,,,,,,,,,,,,,,,,,,,,,,,,,,,,,,,,,,,,,,,,,
Afghanistan,AFG,Poverty headcount ratio at $8.30 a day (2021 PPP) (% of population),SI.POV.UMIC,,,,,,,,,,,,,,,,,,,,,,,,,,,,,,,,,,,,,,,,,,,,,,,,,,,,,,,,,,,,,,,,,
Africa Western and Central,AFW,Poverty headcount ratio at $8.30 a day (2021 PPP) (% of population),SI.POV.UMIC,,,,,,,,,,,,,,,,,,,,,,,,,,,,,,,,,,,,,,,,,,,,,,,,,,,,,,,,,,,,,,,,,
Angola,AGO,Poverty headcount ratio at $8.30 a day (2021 PPP) (% of population),SI.POV.UMIC,,,,,,,,,,,,,,,,,,,,,,,,,,,,,,,,,,,,,,,,,69.7,,,,,,,,71.7,,,,,,,,,,80,,,,,,
Albania,ALB,Poverty headcount ratio at $8.30 a day (2021 PPP) (% of population),SI.POV.UMIC,,,,,,,,,,,,,,,,,,,,,,,,,,,,,,,,,,,,,58.6,,,,,,61,,,50,,,43.4,,,,45.9,,46.5,32.8,32.9,32.7,24.1,21.5,19.9,,,,
Andorra,AND,Poverty headcount ratio at $8.30 a day (2021 PPP) (% of population),SI.POV.UMIC,,,,,,,,,,,,,,,,,,,,,,,,,,,,,,,,,,,,,,,,,,,,,,,,,,,,,,,,,,,,,,,,,
Arab World,ARB,Poverty headcount ratio at $8.30 a day (2021 PPP) (% of population),SI.POV.UMIC,,,,,,,,,,,,,,,,,,,,,,,,,,,,,,,,,,,,,,,,,,,,,,,,,,,,,,,,,,,,,,,,,
United Arab Emirates,ARE,Poverty headcount ratio at $8.30 a day (2021 PPP) (% of population),SI.POV.UMIC,,,,,,,,,,,,,,,,,,,,,,,,,,,,,,,,,,,,,,,,,,,,,,,,,,,,,,0,,,,,0.6,,,,,,
Argentina,ARG,Poverty headcount ratio at $8.30 a day (2021 PPP) (% of population),SI.POV.UMIC,,,,,,,,,,,,,,,,,,,,,7.5,,,,,,6,9.6,,,,17.3,17.9,17.4,18.5,24,25.8,24.8,27,28,30.9,34.3,49.1,33.1,28.6,24.5,19.9,18.9,16.7,15.2,13.6,11.3,10.3,10.4,11.7,,11.5,9.8,12.5,14.9,18.3,14.2,13.9,16.4,15.2
Armenia,ARM,Poverty headcount ratio at $8.30 a day (2021 PPP) (% of population),SI.POV.UMIC,,,,,,,,,,,,,,,,,,,,,,,,,,,,,,,,,,,,,72.2,,,84.4,,85.5,84.6,84.9,76.2,70.7,66.8,59.7,56.3,65,66,63,59.6,57.4,55.2,50.7,45.9,52.7,52.8,57.1,58.2,57,55.7,56.9,
American Samoa,ASM,Poverty headcount ratio at $8.30 a day (2021 PPP) (% of population),SI.POV.UMIC,,,,,,,,,,,,,,,,,,,,,,,,,,,,,,,,,,,,,,,,,,,,,,,,,,,,,,,,,,,,,,,,,
Antigua and Barbuda,ATG,Poverty headcount ratio at $8.30 a day (2021 PPP) (% of population),SI.POV.UMIC,,,,,,,,,,,,,,,,,,,,,,,,,,,,,,,,,,,,,,,,,,,,,,,,,,,,,,,,,,,,,,,,,
Australia,AUS,Poverty headcount ratio at $8.30 a day (2021 PPP) (% of population),SI.POV.UMIC,,,,,,,,,,,,,,,,,,,,,,2,,,,2,,,,2.2,,,,,,2,,,,,,1.7,,2,1.2,,,,1,,1,,,,1,,1,,1.2,,1.5,,,,
Austria,AUT,Poverty headcount ratio at $8.30 a day (2021 PPP) (% of population),SI.POV.UMIC,,,,,,,,,,,,,,,,,,,,,,,,,,,,,,,,,,,1,1,0.5,0.7,1,0.5,0.6,,,0.7,0.4,0.5,0.5,0.8,1,1,0.8,1,1.1,0.7,0.7,1.2,1.3,0.7,1.2,0.9,1.1,1.1,1.1,1,
Azerbaijan,AZE,Poverty headcount ratio at $8.30 a day (2021 PPP) (% of population),SI.POV.UMIC,,,,,,,,,,,,,,,,,,,,,,,,,,,,,,,,,,,,80.2,,,,,,73.1,53.7,48.8,47.7,35.9,,,,,,,,,,,,,,,,,,,
Burundi,BDI,Poverty headcount ratio at $8.30 a day (2021 PPP) (% of population),SI.POV.UMIC,,,,,,,,,,,,,,,,,,,,,,,,,,,,,,,,,99.1,,,,,,98.1,,,,,,,,98.5,,,,,,,97.1,,,,,,,97.4,,,,
Belgium,BEL,Poverty headcount ratio at $8.30 a day (2021 PPP) (% of population),SI.POV.UMIC,,,,,,,,,,,,,,,,,,,,,,,,,,0.7,,,1,,,,1.2,,,1.2,,1,,,1,,,0.9,0.4,0.6,0.4,0.4,0.3,0.3,0.5,0.6,0.5,0.5,0.3,0.2,0.3,0.4,0.2,0.2,0.3,0.3,0.2,0.3,
Benin,BEN,Poverty headcount ratio at $8.30 a day (2021 PPP) (% of population),SI.POV.UMIC,,,,,,,,,,,,,,,,,,,,,,,,,,,,,,,,,,,,,,,,,,,,96.5,,,,,,,,94.1,,,,93.2,,,88.1,,,86.5,,,
Burkina Faso,BFA,Poverty headcount ratio at $8.30 a day (2021 PPP) (% of population),SI.POV.UMIC,,,,,,,,,,,,,,,,,,,,,,,,,,,,,,,,,,,98.2,,,,97.1,,,,,95.1,,,,,,95.9,,,,,94.5,,,,89.5,,,90.4,,,
Bangladesh,BGD,Poverty headcount ratio at $8.30 a day (2021 PPP) (% of population),SI.POV.UMIC,,,,,,,,,,,,,,,,,,,,,,,,97.5,,96.2,,,96.6,,,97.2,,,,93.4,,,,,92.3,,,,,90,,,,,88.6,,,,,,85.7,,,,,,71.5,,
Bulgaria,BGR,Poverty headcount ratio at $8.30 a day (2021 PPP) (% of population),SI.POV.UMIC,,,,,,,,,,,,,,,,,,,,,,,,,,,,,,0,,,5.1,,9.8,21.4,,62.8,,,,35.8,,37.3,,,33.5,18.5,13.4,13,15.9,17,16.8,15.2,13.2,15.6,11.6,11.7,9.1,8.2,5.8,6.5,5.5,4.4,
Bahrain,BHR,Poverty headcount ratio at $8.30 a day (2021 PPP) (% of population),SI.POV.UMIC,,,,,,,,,,,,,,,,,,,,,,,,,,,,,,,,,,,,,,,,,,,,,,,,,,,,,,,,,,,,,,,,,
"Bahamas, The",BHS,Poverty headcount ratio at $8.30 a day (2021 PPP) (% of population),SI.POV.UMIC,,,,,,,,,,,,,,,,,,,,,,,,,,,,,,,,,,,,,,,,,,,,,,,,,,,,,,,,,,,,,,,,,
Bosnia and Herzegovina,BIH,Poverty headcount ratio at $8.30 a day (2021 PPP) (% of population),SI.POV.UMIC,,,,,,,,,,,,,,,,,,,,,,,,,,,,,,,,,,,,,,,,,,20.2,,,9.7,,,6.8,,,,8.1,,,,,,,,,,,,,
Belarus,BLR,Poverty headcount ratio at $8.30 a day (2021 PPP) (% of population),SI.POV.UMIC,,,,,,,,,,,,,,,,,,,,,,,,,,,,,,,,,,81.3,,46.5,,,93.4,92.2,89.4,80.5,76.1,73.3,64.5,47.2,36.7,28.2,24,22.3,18,14.6,9.2,5.8,5.4,6.8,7.4,6.2,4.3,3.9,2.6,,,,
Belize,BLZ,Poverty headcount ratio at $8.30 a day (2021 PPP) (% of population),SI.POV.UMIC,,,,,,,,,,,,,,,,,,,,,,,,,,,,,,,,,,61.5,65.2,48,70.5,70,68.6,66.7,,,,,,,,,,,,,,,,,,,19.7,,,,,,
Bermuda,BMU,Poverty headcount ratio at $8.30 a day (2021 PPP) (% of population),SI.POV.UMIC,,,,,,,,,,,,,,,,,,,,,,,,,,,,,,,,,,,,,,,,,,,,,,,,,,,,,,,,,,,,,,,,,
Bolivia,BOL,Poverty headcount ratio at $8.30 a day (2021 PPP) (% of population),SI.POV.UMIC,,,,,,,,,,,,,,,,,,,,,,,,,,,,,,,45.7,,61.4,,,,,49.8,,52.5,58.8,54.2,56.4,,49.3,49.5,44.6,42.7,36.6,31.9,,25.3,25.9,23.6,22.6,23,23.7,23.1,21.3,17.8,19.5,17.1,18.5,16.5,
Brazil,BRA,Poverty headcount ratio at $8.30 a day (2021 PPP) (% of population),SI.POV.UMIC,,,,,,,,,,,,,,,,,,,,,,68.9,68.4,73.9,74,70,51.6,61.3,63,60.3,65.8,,67.9,66,,54.8,54.9,55.1,54.3,55.8,,50.3,49.8,50.9,49.5,47.5,43.7,41.2,38.2,36.3,,32.2,30.3,27.8,26.3,27.3,29,29.2,28.6,28,20.8,30.5,25.3,23.4,
Barbados,BRB,Poverty headcount ratio at $8.30 a day (2021 PPP) (% of population),SI.POV.UMIC,,,,,,,,,,,,,,,,,,,,,,,,,,,,,,,,,,,,,,,,,,,,,,,,,,,,,,,,,15.8,,,,,,,,
Brunei Darussalam,BRN,Poverty headcount ratio at $8.30 a day (2021 PPP) (% of population),SI.POV.UMIC,,,,,,,,,,,,,,,,,,,,,,,,,,,,,,,,,,,,,,,,,,,,,,,,,,,,,,,,,,,,,,,,,
Bhutan,BTN,Poverty headcount ratio at $8.30 a day (2021 PPP) (% of population),SI.POV.UMIC,,,,,,,,,,,,,,,,,,,,,,,,,,,,,,,,,,,,,,,,,,,,76.1,,,,65.1,,,,,48.5,,,,,42.5,,,,,10.1,,
Botswana,BWA,Poverty headcount ratio at $8.30 a day (2021 PPP) (% of population),SI.POV.UMIC,,,,,,,,,,,,,,,,,,,,,,,,,,85,,,,,,,,80.1,,,,,,,,,70.6,,,,,,,62.7,,,,,,63.2,,,,,,,,,
Central African Republic,CAF,Poverty headcount ratio at $8.30 a day (2021 PPP) (% of population),SI.POV.UMIC,,,,,,,,,,,,,,,,,,,,,,,,,,,,,,,,,96.7,,,,,,,,,,,,,,,,92.4,,,,,,,,,,,,,96.1,,,
Canada,CAN,Poverty headcount ratio at $8.30 a day (2021 PPP) (% of population),SI.POV.UMIC,,,,,,,,,,,,6.5,,4,,3.2,,3,,2.5,,2,2,,2.2,1.7,1.7,1.5,1.2,1.7,1.7,2,1.5,1.7,1.5,1.5,1.2,1.2,1.2,1.2,1,1,1,0.7,0.7,1,0.7,0.7,1,1,0.7,0.7,1,1,1,1,1,0.7,0.7,0.7,0.5,0.5,,,
Central Europe and the Baltics,CEB,Poverty headcount ratio at $8.30 a day (2021 PPP) (% of population),SI.POV.UMIC,,,,,,,,,,,,,,,,,,,,,,,,,,,,,,,,,,,,,,,,,,,,,,,,,,,,,,,,,,,,,,,,,
Switzerland,CHE,Poverty headcount ratio at $8.30 a day (2021 PPP) (% of population),SI.POV.UMIC,,,,,,,,,,,,,,,,,,,,,,,1,,,,,,,,,,1.2,,,,,,,,0.5,,0.2,,0.5,,0.5,0.5,0.5,0.3,0.5,0.1,0,0.1,0.1,0.1,0.2,0.1,0.2,0.2,0.1,0.2,0.3,,
Channel Islands,CHI,Poverty headcount ratio at $8.30 a day (2021 PPP) (% of population),SI.POV.UMIC,,,,,,,,,,,,,,,,,,,,,,,,,,,,,,,,,,,,,,,,,,,,,,,,,,,,,,,,,,,,,,,,,
Chile,CHL,Poverty headcount ratio at $8.30 a day (2021 PPP) (% of population),SI.POV.UMIC,,,,,,,,,,,,,,,,,,,,,,,,,,,,64.4,,,58.5,,53.3,,49.8,,44.6,,41.6,,44.5,,,43.2,,,32,,,27.6,,23.5,,14.4,,11.7,,9,,,11.3,,5.7,,
China,CHN,Poverty headcount ratio at $8.30 a day (2021 PPP) (% of population),SI.POV.UMIC,,,,,,,,,,,,,,,,,,,,,,100,,,100,,,99.8,,,99.2,,,98.5,,,96.4,,,94.5,,,89.3,,,81.8,,,73,,66.1,62.7,58,51.7,46.7,42.4,38.7,36.3,32.2,28.9,29.5,21,21.5,,
Cote d'Ivoire,CIV,Poverty headcount ratio at $8.30 a day (2021 PPP) (% of population),SI.POV.UMIC,,,,,,,,,,,,,,,,,,,,,,,,,,60.7,67.5,73.9,81.4,,,,87.2,,,88.8,,,89.5,,,,88.8,,,,,,89.1,,,,,,,90.2,,,79.6,,,80.9,,,
Cameroon,CMR,Poverty headcount ratio at $8.30 a day (2021 PPP) (% of population),SI.POV.UMIC,,,,,,,,,,,,,,,,,,,,,,,,,,,,,,,,,,,,,89.8,,,,,82.3,,,,,,82.6,,,,,,,72.7,,,,,,,74,,,
"Congo, Dem. Rep.",COD,Poverty headcount ratio at $8.30 a day (2021 PPP) (% of population),SI.POV.UMIC,,,,,,,,,,,,,,,,,,,,,,,,,,,,,,,,,,,,,,,,,,,,,99.7,,,,,,,,97.9,,,,,,,,98,,,,
"Congo, Rep.",COG,Poverty headcount ratio at $8.30 a day (2021 PPP) (% of population),SI.POV.UMIC,,,,,,,,,,,,,,,,,,,,,,,,,,,,,,,,,,,,,,,,,,,,,,88.9,,,,,,82.4,,,,,,,,,,,,,
Colombia,COL,Poverty headcount ratio at $8.30 a day (2021 PPP) (% of population),SI.POV.UMIC,,,,,,,,,,,,,,,,,,,,,65.3,,,,,,,,59.4,60.7,,57.6,60.3,,,,66.7,,,69.2,65.4,71.5,62.5,63.3,62.4,59.1,,,53.7,52.5,50,47.2,45.4,43,40.8,40,40.1,39.6,39.6,40.3,48,44,40.2,37.6,
Comoros,COM,Poverty headcount ratio at $8.30 a day (2021 PPP) (% of population),SI.POV.UMIC,,,,,,,,,,,,,,,,,,,,,,,,,,,,,,,,,,,,,,,,,,,,,76.7,,,,,,,,,,76.7,,,,,,,,,,
Cabo Verde,CPV,Poverty headcount ratio at $8.30 a day (2021 PPP) (% of population),SI.POV.UMIC,,,,,,,,,,,,,,,,,,,,,,,,,,,,,,,,,,,,,,,,,,79.9,,,,,,74.2,,,,,,,,65,,,,,,,,,
Costa Rica,CRI,Poverty headcount ratio at $8.30 a day (2021 PPP) (% of population),SI.POV.UMIC,,,,,,,,,,,,,,,,,,,,,,75,,,,,69.8,,,51.9,51.2,55.8,53,45.9,41.8,41.9,45.9,42.7,37.3,41.3,41.4,32.1,31.8,30.4,32.2,29.6,29.4,24.3,23.3,22.8,18.8,19.8,18.4,18.4,18.3,17.5,17,15.8,16.5,16.7,23.3,17.8,17.1,15.3,12.6
Caribbean small states,CSS,Poverty headcount ratio at $8.30 a day (2021 PPP) (% of population),SI.POV.UMIC,,,,,,,,,,,,,,,,,,,,,,,,,,,,,,,,,,,,,,,,,,,,,,,,,,,,,,,,,,,,,,,,,
Cuba,CUB,Poverty headcount ratio at $8.30 a day (2021 PPP) (% of population),SI.POV.UMIC,,,,,,,,,,,,,,,,,,,,,,,,,,,,,,,,,,,,,,,,,,,,,,,,,,,,,,,,,,,,,,,,,
Curacao,CUW,Poverty headcount ratio at $8.30 a day (2021 PPP) (% of population),SI.POV.UMIC,,,,,,,,,,,,,,,,,,,,,,,,,,,,,,,,,,,,,,,,,,,,,,,,,,,,,,,,,,,,,,,,,
Cayman Islands,CYM,Poverty headcount ratio at $8.30 a day (2021 PPP) (% of population),SI.POV.UMIC,,,,,,,,,,,,,,,,,,,,,,,,,,,,,,,,,,,,,,,,,,,,,,,,,,,,,,,,,,,,,,,,,
Cyprus,CYP,Poverty headcount ratio at $8.30 a day (2021 PPP) (% of population),SI.POV.UMIC,,,,,,,,,,,,,,,,,,,,,,,,,,,,,,,,,,,,,,,,,,,,,0.3,0.1,0,0.1,0,0.2,0.2,0.3,0.1,0.3,0.4,0.2,0.1,0.2,0.3,0.5,0.2,0.1,0,0.1,
Czechia,CZE,Poverty headcount ratio at $8.30 a day (2021 PPP) (% of population),SI.POV.UMIC,,,,,,,,,,,,,,,,,,,,,,,,,,,,,,,,,1,0,,,2,,,,,,1.2,,1.9,1.1,1,0.8,0.9,1,1.1,0.9,1.1,0.8,1.1,0.7,0.8,0.5,0.4,0.3,0.5,0.3,0.6,0.8,
Germany,DEU,Poverty headcount ratio at $8.30 a day (2021 PPP) (% of population),SI.POV.UMIC,,,,,,,,,,,,,,,,,,,,,,,,,,,,,,,,0.2,0.2,0.2,0.7,0.5,0.2,0.5,0.2,0.2,0.2,0.2,0.2,0.5,0.5,0.2,0.2,0.2,0.2,0.2,0.2,0.2,0.2,0.2,0.5,0.2,0.2,0.5,0.5,0.5,0.5,,,,
Djibouti,DJI,Poverty headcount ratio at $8.30 a day (2021 PPP) (% of population),SI.POV.UMIC,,,,,,,,,,,,,,,,,,,,,,,,,,,,,,,,,,,,,,,,,,,84.3,,,,,,,,,,77.5,81.7,,,,80.8,,,,,,,
Dominica,DMA,Poverty headcount ratio at $8.30 a day (2021 PPP) (% of population),SI.POV.UMIC,,,,,,,,,,,,,,,,,,,,,,,,,,,,,,,,,,,,,,,,,,,,,,,,,,,,,,,,,,,,,,,,,
Denmark,DNK,Poverty headcount ratio at $8.30 a day (2021 PPP) (% of population),SI.POV.UMIC,,,,,,,,,,,,,,,,,,,,,,,,,,,,1.2,,,,,1.2,,,0.2,,,,,0.2,,,0.5,0.4,0.5,0.3,0.6,0.8,1.1,0.3,0.6,0.9,0.8,0.9,0.5,0.5,0.3,0.3,0.5,0.5,0.3,0.8,0.6,
Dominican Republic,DOM,Poverty headcount ratio at $8.30 a day (2021 PPP) (% of population),SI.POV.UMIC,,,,,,,,,,,,,,,,,,,,,,,,,,,36.3,,,64,,,51,,,,40.9,38.3,,,39.8,39.2,39,47.8,55.6,46.6,43.5,43,44.2,41.5,42,40.2,39.6,39.3,33.5,29.4,27.4,23.8,20.9,18.8,21.7,21.8,20.2,16.9,14
Algeria,DZA,Poverty headcount ratio at $8.30 a day (2021 PPP) (% of population),SI.POV.UMIC,,,,,,,,,,,,,,,,,,,,,,,,,,,,,67.7,,,,,,,65.2,,,,,,,,,,,,,,,,41.8,,,,,,,,,,,,,
East Asia & Pacific (excluding high income),EAP,Poverty headcount ratio at $8.30 a day (2021 PPP) (% of population),SI.POV.UMIC,,,,,,,,,,,,,,,,,,,,,,,,,,,,,,,,,,,,,,,,,,,,,,,,,,,,,,,,,,,,,,,,,
Early-demographic dividend,EAR,Poverty headcount ratio at $8.30 a day (2021 PPP) (% of population),SI.POV.UMIC,,,,,,,,,,,,,,,,,,,,,,,,,,,,,,,,,,,,,,,,,,,,,,,,,,,,,,,,,,,,,,,,,
East Asia & Pacific,EAS,Poverty headcount ratio at $8.30 a day (2021 PPP) (% of population),SI.POV.UMIC,,,,,,,,,,,,,,,,,,,,,,87,86.9,86.7,86.6,86.6,86.5,86.3,86.1,85.7,85.6,85.3,85.1,84.8,84.2,83.8,83,82.6,82.6,82.1,81.2,80,78.3,76.7,74.9,72.8,70.9,68.4,66.6,64.1,60.5,57.9,54.7,50.4,47,44,41.2,39.1,36.2,33.9,34.4,29.4,29.8,27.7,26.4
Europe & Central Asia (excluding high income),ECA,Poverty headcount ratio at $8.30 a day (2021 PPP) (% of population),SI.POV.UMIC,,,,,,,,,,,,,,,,,,,,,,,,,,,,,,,,,,,,,,,,,,,,,,,,,,,,,,,,,,,,,,,,,
Europe & Central Asia,ECS,Poverty headcount ratio at $8.30 a day (2021 PPP) (% of population),SI.POV.UMIC,,,,,,,,,,,,,,,,,,,,,,,,,,,,,20.3,20.3,20.9,22.4,24.8,28.1,30.3,27.2,29.3,27.7,27.8,31.8,29.8,28,26.4,25.5,22.7,20.7,18.6,16.4,14,14.3,13.6,12.9,12.6,10.6,10.6,10.8,10.4,9.6,8.9,8.5,8.1,7,6.7,5.5,5.1
Ecuador,ECU,Poverty headcount ratio at $8.30 a day (2021 PPP) (% of population),SI.POV.UMIC,,,,,,,,,,,,,,,,,,,,,,,,,,,,60.8,,,,,,,65.9,65.3,,,65,68.6,76.6,,,58.7,59.7,51.9,46.8,45.9,43.4,44.4,39.7,35.9,32.6,32.5,28.7,29.8,29.3,28.3,28.9,30.6,36,33.5,30.9,30.8,32.6
"Egypt, Arab Rep.",EGY,Poverty headcount ratio at $8.30 a day (2021 PPP) (% of population),SI.POV.UMIC,,,,,,,,,,,,,,,,,,,,,,,,,,,,,,,73.9,,,,,77.1,,,,64,,,,,72.4,,,,71.8,,63.5,,60.6,,,56.8,,66.8,,62.2,,58.5,,,
Euro area,EMU,Poverty headcount ratio at $8.30 a day (2021 PPP) (% of population),SI.POV.UMIC,,,,,,,,,,,,,,,,,,,,,,,,,,,,,,,,,,,,,,,,,,,,,,,,,,,,,,,,,,,,,,,,,
Eritrea,ERI,Poverty headcount ratio at $8.30 a day (2021 PPP) (% of population),SI.POV.UMIC,,,,,,,,,,,,,,,,,,,,,,,,,,,,,,,,,,,,,,,,,,,,,,,,,,,,,,,,,,,,,,,,,
Spain,ESP,Poverty headcount ratio at $8.30 a day (2021 PPP) (% of population),SI.POV.UMIC,,,,,,,,,,,,,,,,,,,,,9,,,,,9.2,,,,,3.5,,,5,5.2,5.5,6.5,5.2,3.5,2.7,3,,,2.4,2.7,2.8,3.1,1.9,2.1,2.7,3.1,3.4,3.7,4.2,4.3,3.8,4,2.9,3.2,2.9,3.4,2.2,2.4,2.3,
Estonia,EST,Poverty headcount ratio at $8.30 a day (2021 PPP) (% of population),SI.POV.UMIC,,,,,,,,,,,,,,,,,,,,,,,,,,,,,,,,,,38.2,,40.2,,,34.1,,35.9,38.5,36,20.7,14.6,10.1,6.3,4.1,4.1,5,7.2,6.1,5.2,5.3,5,2.9,2.4,1.8,1.3,1.7,1.6,1,2,1.3,
Ethiopia,ETH,Poverty headcount ratio at $8.30 a day (2021 PPP) (% of population),SI.POV.UMIC,,,,,,,,,,,,,,,,,,,,,,,,,,,,,,,,,,,,96.5,,,,97.7,,,,,95.7,,,,,,93.2,,,,,89.9,,,,,,93.5,,,
European Union,EUU,Poverty headcount ratio at $8.30 a day (2021 PPP) (% of population),SI.POV.UMIC,,,,,,,,,,,,,,,,,,,,,,,,,,,,,,,,,,,,,,,,,,,,,,,,,,,,,,,,,,,,,,,,,
Fragile and conflict affected situations,FCS,Poverty headcount ratio at $8.30 a day (2021 PPP) (% of population),SI.POV.UMIC,,,,,,,,,,,,,,,,,,,,,,,,,,,,,,,,,,85.7,86.3,86.3,86.7,86.1,85.4,86.8,,84.9,85.3,86.2,83.8,82.2,81.2,80.9,79.8,80,79.3,79.3,79.1,79.2,79.4,79.3,79.5,79.3,79.3,,81.6,82.5,83.1,83.8,84
Finland,FIN,Poverty headcount ratio at $8.30 a day (2021 PPP) (% of population),SI.POV.UMIC,,,,,,,,,,,,,,,,,,,,,,,,,,,,0.2,,,,0.2,,,,0.2,,,,,0.2,,,0.2,0.2,0.2,0.2,0.1,0.2,0.1,0.2,0.1,0.2,0.2,0.2,0.2,0.2,0.2,0.2,0.2,0.1,0.2,0.3,0.4,
Fiji,FJI,Poverty headcount ratio at $8.30 a day (2021 PPP) (% of population),SI.POV.UMIC,,,,,,,,,,,,,,,,,,,,,,,,,,,,,,,,,,,,,,,,,,,52.4,,,,,,48.9,,,,,46.7,,,,,,61.3,,,,,
France,FRA,Poverty headcount ratio at $8.30 a day (2021 PPP) (% of population),SI.POV.UMIC,,,,,,,,,,,4.7,,,,,2.7,,,,1.5,,,,,1.5,,,,,,0.5,,,,,,0.7,0.7,0.5,0.5,0.5,0.2,0.2,0.5,0.3,0.3,0.2,0.1,0.1,0.4,0.4,0.2,0.3,0.2,0.2,0.4,0.3,0.1,0.1,0.4,0.4,0.6,0.4,0.3,
Faroe Islands,FRO,Poverty headcount ratio at $8.30 a day (2021 PPP) (% of population),SI.POV.UMIC,,,,,,,,,,,,,,,,,,,,,,,,,,,,,,,,,,,,,,,,,,,,,,,,,,,,,,,,,,,,,,,,,
"Micronesia, Fed. Sts.",FSM,Poverty headcount ratio at $8.30 a day (2021 PPP) (% of population),SI.POV.UMIC,,,,,,,,,,,,,,,,,,,,,,,,,,,,,,,,,,,,,,,,,,,,,,64.9,,,,,,,,78.1,,,,,,,,,,,
Gabon,GAB,Poverty headcount ratio at $8.30 a day (2021 PPP) (% of population),SI.POV.UMIC,,,,,,,,,,,,,,,,,,,,,,,,,,,,,,,,,,,,,,,,,,,,,,56.9,,,,,,,,,,,,32.9,,,,,,,
United Kingdom,GBR,Poverty headcount ratio at $8.30 a day (2021 PPP) (% of population),SI.POV.UMIC,,,,,,,,,1.2,1.7,1.5,2,2.5,1,1.2,1.5,1.2,1.5,1,1,1,1.2,0.7,0.7,1,0.7,1,0.5,0.7,0.7,1,1,1,1,1.2,1,0.7,0.7,0.7,0.7,0.7,0.7,1,0.7,0.5,0.7,0.7,0.7,0.7,0.7,0.7,0.7,0.7,0.5,0.7,0.7,0.7,0.7,0.7,0.7,1,1,,,
Georgia,GEO,Poverty headcount ratio at $8.30 a day (2021 PPP) (% of population),SI.POV.UMIC,,,,,,,,,,,,,,,,,,,,,,,,,,,,,,,,,,,,,60,79.5,79.9,84.6,86,87.7,78.7,78.3,77,77.3,78.5,79.8,76.6,76.7,76.7,75.6,72.1,66.6,64.8,63.1,64,61.5,62,62.5,66.4,64.6,56.6,49.1,45.6
Ghana,GHA,Poverty headcount ratio at $8.30 a day (2021 PPP) (% of population),SI.POV.UMIC,,,,,,,,,,,,,,,,,,,,,,,,,,,,98.4,98.1,,,98.3,,,,,,,96.1,,,,,,,94.1,,,,,,,86.3,,,,85.4,,,,,,,,
Gibraltar,GIB,Poverty headcount ratio at $8.30 a day (2021 PPP) (% of population),SI.POV.UMIC,,,,,,,,,,,,,,,,,,,,,,,,,,,,,,,,,,,,,,,,,,,,,,,,,,,,,,,,,,,,,,,,,
Guinea,GIN,Poverty headcount ratio at $8.30 a day (2021 PPP) (% of population),SI.POV.UMIC,,,,,,,,,,,,,,,,,,,,,,,,,,,,,,,,100,,,82.7,,,,,,,,90.9,,,,,88.8,,,,,83.8,,,,,,76.6,,,,,,
"Gambia, The",GMB,Poverty headcount ratio at $8.30 a day (2021 PPP) (% of population),SI.POV.UMIC,,,,,,,,,,,,,,,,,,,,,,,,,,,,,,,,,,,,,,,96.2,,,,,89.8,,,,,,,85,,,,,78.7,,,,,78.2,,,,
Guinea-Bissau,GNB,Poverty headcount ratio at $8.30 a day (2021 PPP) (% of population),SI.POV.UMIC,,,,,,,,,,,,,,,,,,,,,,,,,,,,,,,,85.8,,92.1,,,,,,,,,97.6,,,,,,,,94.9,,,,,,,,89.5,,,91.4,,,
Equatorial Guinea,GNQ,Poverty headcount ratio at $8.30 a day (2021 PPP) (% of population),SI.POV.UMIC,,,,,,,,,,,,,,,,,,,,,,,,,,,,,,,,,,,,,,,,,,,,,,,,,,,,,,,,,,,,,,,58.1,,
Greece,GRC,Poverty headcount ratio at $8.30 a day (2021 PPP) (% of population),SI.POV.UMIC,,,,,,,,,,,,,,,,,,,,,,,,,,,,,,,,,,,,6.5,,,,,3.2,,3,2.2,2.2,2.4,2.7,2,1.8,2.2,3.2,6.4,9,10.3,9.5,9.2,8,6.9,5.1,4.8,5.1,3.6,3.6,3.2,
Grenada,GRD,Poverty headcount ratio at $8.30 a day (2021 PPP) (% of population),SI.POV.UMIC,,,,,,,,,,,,,,,,,,,,,,,,,,,,,,,,,,,,,,,,,,,,,,,,,,,,,,,,,,,19.6,,,,,,
Greenland,GRL,Poverty headcount ratio at $8.30 a day (2021 PPP) (% of population),SI.POV.UMIC,,,,,,,,,,,,,,,,,,,,,,,,,,,,,,,,,,,,,,,,,,,,,,,,,,,,,,,,,,,,,,,,,
Guatemala,GTM,Poverty headcount ratio at $8.30 a day (2021 PPP) (% of population),SI.POV.UMIC,,,,,,,,,,,,,,,,,,,,,,,,,,,83,,,70.3,,,,,,,,,46.6,,41.7,,,,,,40.2,,,,,,,,44.8,,,,,,,,,47.3,
Guam,GUM,Poverty headcount ratio at $8.30 a day (2021 PPP) (% of population),SI.POV.UMIC,,,,,,,,,,,,,,,,,,,,,,,,,,,,,,,,,,,,,,,,,,,,,,,,,,,,,,,,,,,,,,,,,
Guyana,GUY,Poverty headcount ratio at $8.30 a day (2021 PPP) (% of population),SI.POV.UMIC,,,,,,,,,,,,,,,,,,,,,,,,,,,,,,,,,83.5,,,,,,54.2,,,,,,,,,,,,,,,,,,,,,,,,,,
High income,HIC,Poverty headcount ratio at $8.30 a day (2021 PPP) (% of population),SI.POV.UMIC,,,,,,,,,,,,,,,,,,,,,,,9.7,9.4,9.2,8.8,8.5,8,7.6,7.4,7.5,7.8,8.6,10.5,11.6,9.7,10.9,9.4,9.4,11.3,10.5,9.4,8.6,8.2,7.3,6.7,6,5,4.1,4,3.7,3.7,3.5,3.5,3.2,3.2,3,2.7,2.6,2.4,2.3,1.7,1.8,1.7,1.6
"Hong Kong SAR, China",HKG,Poverty headcount ratio at $8.30 a day (2021 PPP) (% of population),SI.POV.UMIC,,,,,,,,,,,,,,,,,,,,,,,,,,,,,,,,,,,,,,,,,,,,,,,,,,,,,,,,,,,,,,,,,
Honduras,HND,Poverty headcount ratio at $8.30 a day (2021 PPP) (% of population),SI.POV.UMIC,,,,,,,,,,,,,,,,,,,,,,,,,,,,,,83.4,85.2,82.1,79.7,73.9,73.6,75.1,77,69.9,69.1,70.8,,59.9,65.8,69.1,67.9,66.1,60.8,58.5,55.6,52.9,55.5,56.2,61,59.1,58.2,58,55.4,56.4,56.1,54.5,,,,53.3,49.8
Heavily indebted poor countries (HIPC),HPC,Poverty headcount ratio at $8.30 a day (2021 PPP) (% of population),SI.POV.UMIC,,,,,,,,,,,,,,,,,,,,,,,,,,,,,,,,,,,,,,,,,,,,,,,,,,,,,,,,,,,,,,,,,
Croatia,HRV,Poverty headcount ratio at $8.30 a day (2021 PPP) (% of population),SI.POV.UMIC,,,,,,,,,,,,,,,,,,,,,,,,,,,,,0.5,,,,,,,,,,0.4,4.3,3.9,5.6,,,0.6,,,,0.9,6.3,7.9,8.8,10.3,9.4,7.9,7.5,6,5.6,3.5,3.1,2.7,2,2.4,2,
Haiti,HTI,Poverty headcount ratio at $8.30 a day (2021 PPP) (% of population),SI.POV.UMIC,,,,,,,,,,,,,,,,,,,,,,,,,,,,,,,,,,,,,,,,,,93.6,,,,,,,,,,,88.2,,,,,,,,,,,,
Hungary,HUN,Poverty headcount ratio at $8.30 a day (2021 PPP) (% of population),SI.POV.UMIC,,,,,,,,,,,,,,,,,,,,,,,,,,,,0,,39.3,,9.1,,11.5,14.5,,,,23.2,15.7,21.7,14.4,13.7,13.9,9.4,10.4,7,6.9,6.7,7.7,9,8.7,11.6,10.6,8.3,6.4,4.3,4.9,,,,,,,
IBRD only,IBD,Poverty headcount ratio at $8.30 a day (2021 PPP) (% of population),SI.POV.UMIC,,,,,,,,,,,,,,,,,,,,,,,,,,,,,,,,,,,,,,,,,,,,,,,,,,,,,,,,,,,,,,,,,
IDA & IBRD total,IBT,Poverty headcount ratio at $8.30 a day (2021 PPP) (% of population),SI.POV.UMIC,,,,,,,,,,,,,,,,,,,,,,,,,,,,,,,,,,,,,,,,,,,,,,,,,,,,,,,,,,,,,,,,,
IDA total,IDA,Poverty headcount ratio at $8.30 a day (2021 PPP) (% of population),SI.POV.UMIC,,,,,,,,,,,,,,,,,,,,,,,,,,,,,,93.5,93.5,93.5,93.4,93.6,93.4,93.1,92.8,92.5,92.2,92.5,92.5,92.4,92.3,92.2,91.5,91.1,90.7,90.3,89.6,89.6,89,88.7,88.4,87.5,87,86.6,86.3,85.8,85.3,85.1,86,85.8,85.4,85.1,84.8
IDA blend,IDB,Poverty headcount ratio at $8.30 a day (2021 PPP) (% of population),SI.POV.UMIC,,,,,,,,,,,,,,,,,,,,,,,,,,,,,,,,,,,,,,,,,,,,,,,,,,,,,,,,,,,,,,,,,
Indonesia,IDN,Poverty headcount ratio at $8.30 a day (2021 PPP) (% of population),SI.POV.UMIC,,,,,,,,,,,,,,,,,,,,,,,,,99.2,,,99.2,,,98.5,,,98.3,,,96.9,,99.1,97.9,97.6,96.8,94.9,95.4,94.8,94.6,95.3,92.6,92.4,92.1,88.9,85.8,84.7,82.6,82,81.9,77.5,74.1,71.2,70.4,69.4,68.5,70.3,69.6,68.3
IDA only,IDX,Poverty headcount ratio at $8.30 a day (2021 PPP) (% of population),SI.POV.UMIC,,,,,,,,,,,,,,,,,,,,,,,,,,,,,,,,,,,,,,,,,,,,,,,,,,,,,,,,,,,,,,,,,
Isle of Man,IMN,Poverty headcount ratio at $8.30 a day (2021 PPP) (% of population),SI.POV.UMIC,,,,,,,,,,,,,,,,,,,,,,,,,,,,,,,,,,,,,,,,,,,,,,,,,,,,,,,,,,,,,,,,,
India,IND,Poverty headcount ratio at $8.30 a day (2021 PPP) (% of population),SI.POV.UMIC,,,,,,,,,,,,,,,,,,97.4,,,,,,97.2,,,,97,,,,,,97.3,,,,,,,,,,,96.3,,,,,95,,92.5,,,,,,,,,,,82.1,,
Not classified,INX,Poverty headcount ratio at $8.30 a day (2021 PPP) (% of population),SI.POV.UMIC,,,,,,,,,,,,,,,,,,,,,,,,,,,,,,,,,,,,,,,,,,,,,,,,,,,,,,,,,,,,,,,,,
Ireland,IRL,Poverty headcount ratio at $8.30 a day (2021 PPP) (% of population),SI.POV.UMIC,,,,,,,,,,,,,,,,,,,,,,,,,,,,14.2,,,,,,,3.7,4,2.5,,,,0.7,,1.5,0.7,0.7,0.3,0.7,0.6,1,1.8,2,1.9,1.6,1.9,1.3,0.9,0.9,0.6,0.1,0.2,0.2,0.3,0.3,0.3,
"Iran, Islamic Rep.",IRN,Poverty headcount ratio at $8.30 a day (2021 PPP) (% of population),SI.POV.UMIC,,,,,,,,,,,,,,,,,,,,,,,,,,,67.1,,,,70.5,,,,63.7,,,,60.1,,,,,,,37.7,38.2,,,36.9,,38.3,37.2,39.8,42.1,41.5,41.7,38.6,42.1,47.4,48.4,42.8,39,36,
Iraq,IRQ,Poverty headcount ratio at $8.30 a day (2021 PPP) (% of population),SI.POV.UMIC,,,,,,,,,,,,,,,,,,,,,,,,,,,,,,,,,,,,,,,,,,,,,,,35.2,,,,,,32,,,,,,,,,,,28,
Iceland,ISL,Poverty headcount ratio at $8.30 a day (2021 PPP) (% of population),SI.POV.UMIC,,,,,,,,,,,,,,,,,,,,,,,,,,,,,,,,,,,,,,,,,,,,0.4,0.4,0.2,0.5,0.3,0.2,0.3,0.6,0.8,0.4,0.2,0.2,0.2,0.2,0.1,0.6,0.4,,,,,
Israel,ISR,Poverty headcount ratio at $8.30 a day (2021 PPP) (% of population),SI.POV.UMIC,,,,,,,,,,,,,,,,,,,,13.1,,,,,,,14,,,,,,7.2,,,,,9,,,,6.7,12,11.2,12.7,12,11.5,9.5,9.2,10.2,10.2,9.2,8.5,6.7,7.2,6.7,5.7,5.5,4.5,5.2,4.4,4.2,,,
Italy,ITA,Poverty headcount ratio at $8.30 a day (2021 PPP) (% of population),SI.POV.UMIC,,,,,,,,,,,,,,,,,,5,4.5,4.2,2.7,2.2,1.5,2,2.2,,2.7,3.2,,0.7,,1.7,,4.5,,4.2,,,4.2,,3.5,,3.2,2.3,1.8,2.1,1.8,1.9,1.9,2.2,2.9,2.8,3.2,3.4,3.3,4,3.5,3.5,3.3,2.9,2.4,1.7,1.6,1.9,
Jamaica,JAM,Poverty headcount ratio at $8.30 a day (2021 PPP) (% of population),SI.POV.UMIC,,,,,,,,,,,,,,,,,,,,,,,,,,,,,60.3,,64.2,,,78.9,,,60.2,,,45.1,,,46.6,,44.3,,,,,,,,,,,,,,18.3,,,22.9,,,
Jordan,JOR,Poverty headcount ratio at $8.30 a day (2021 PPP) (% of population),SI.POV.UMIC,,,,,,,,,,,,,,,,,,,,,,,,,,,21.2,,,,,,41.9,,,,,42.6,,,,,32.7,,,,22.4,,20.4,,15.3,,,,,,,,,,,,,,
Japan,JPN,Poverty headcount ratio at $8.30 a day (2021 PPP) (% of population),SI.POV.UMIC,,,,,,,,,,,,,,,,,,,,,,,,,,,,,,,,,,,,,,,,,,,,,,,,,3.7,3.2,2,2.7,2.4,3.7,1.7,2,2.6,2,3.2,3.7,3.2,,,,
Kazakhstan,KAZ,Poverty headcount ratio at $8.30 a day (2021 PPP) (% of population),SI.POV.UMIC,,,,,,,,,,,,,,,,,,,,,,,,,,,,,,,,,,74,,,69.5,,,,,77.4,75.6,71,68.3,64.7,55.7,43.3,42.3,43.1,37.5,23.9,23.6,18,19.3,22.2,29.1,23.6,18.8,19.3,18.6,15.2,,,
Kenya,KEN,Poverty headcount ratio at $8.30 a day (2021 PPP) (% of population),SI.POV.UMIC,,,,,,,,,,,,,,,,,,,,,,,,,,,,,,,,,75,,83.3,,,82.2,,,,,,,,87.5,,,,,,,,,,85.8,,,,,91,91.3,90.9,,
Kyrgyz Republic,KGZ,Poverty headcount ratio at $8.30 a day (2021 PPP) (% of population),SI.POV.UMIC,,,,,,,,,,,,,,,,,,,,,,,,,,,,,,,,,,,,,,,87.5,,97.6,97.7,97.5,97.1,86.8,91.2,81.9,84.2,80.6,80.1,82.5,83.5,85.2,85.1,84.1,85.1,83.7,83.5,80.3,78.9,81.3,76.9,76.8,72.1,
Cambodia,KHM,Poverty headcount ratio at $8.30 a day (2021 PPP) (% of population),SI.POV.UMIC,,,,,,,,,,,,,,,,,,,,,,,,,,,,,,,,,,,,,,,,,,,,,,,,,,,,,,,,,,,,,,,,,
Kiribati,KIR,Poverty headcount ratio at $8.30 a day (2021 PPP) (% of population),SI.POV.UMIC,,,,,,,,,,,,,,,,,,,,,,,,,,,,,,,,,,,,,,,,,,,,,,,82.7,,,,,,,,,,,,,74.9,,,,,
St. Kitts and Nevis,KNA,Poverty headcount ratio at $8.30 a day (2021 PPP) (% of population),SI.POV.UMIC,,,,,,,,,,,,,,,,,,,,,,,,,,,,,,,,,,,,,,,,,,,,,,,,,,,,,,,,,,,,,,,,,
"Korea, Rep.",KOR,Poverty headcount ratio at $8.30 a day (2021 PPP) (% of population),SI.POV.UMIC,,,,,,,,,,,,,,,,,,,,,,,,,,,,,,,,,,,,,,,,,,,,,,,2.7,,2.2,,2.7,,2.2,,2,,1.2,1.2,1,0.5,0.5,0.5,,,
Kuwait,KWT,Poverty headcount ratio at $8.30 a day (2021 PPP) (% of population),SI.POV.UMIC,,,,,,,,,,,,,,,,,,,,,,,,,,,,,,,,,,,,,,,,,,,,,,,,,,,,,,,,,,,,,,,,,
Latin America & Caribbean (excluding high income),LAC,Poverty headcount ratio at $8.30 a day (2021 PPP) (% of population),SI.POV.UMIC,,,,,,,,,,,,,,,,,,,,,,,,,,,,,,,,,,,,,,,,,,,,,,,,,,,,,,,,,,,,,,,,,
Lao PDR,LAO,Poverty headcount ratio at $8.30 a day (2021 PPP) (% of population),SI.POV.UMIC,,,,,,,,,,,,,,,,,,,,,,,,,,,,,,,,,91.8,,,,,95.6,,,,,93.6,,,,,90.2,,,,,82.5,,,,,,75.3,,,,,,
Lebanon,LBN,Poverty headcount ratio at $8.30 a day (2021 PPP) (% of population),SI.POV.UMIC,,,,,,,,,,,,,,,,,,,,,,,,,,,,,,,,,,,,,,,,,,,,,,,,,,,,5.5,,,,,,,,,,,50.7,,
Liberia,LBR,Poverty headcount ratio at $8.30 a day (2021 PPP) (% of population),SI.POV.UMIC,,,,,,,,,,,,,,,,,,,,,,,,,,,,,,,,,,,,,,,,,,,,,,,,96.2,,,,,,,89.6,,88.3,,,,,,,,
Libya,LBY,Poverty headcount ratio at $8.30 a day (2021 PPP) (% of population),SI.POV.UMIC,,,,,,,,,,,,,,,,,,,,,,,,,,,,,,,,,,,,,,,,,,,,,,,,,,,,,,,,,,,,,,,,,
St. Lucia,LCA,Poverty headcount ratio at $8.30 a day (2021 PPP) (% of population),SI.POV.UMIC,,,,,,,,,,,,,,,,,,,,,,,,,,,,,,,,,,,,87.9,,,,,,,,,,,,,,,,,,,,7.8,,,,,,,,,
Latin America & Caribbean,LCN,Poverty headcount ratio at $8.30 a day (2021 PPP) (% of population),SI.POV.UMIC,,,,,,,,,,,,,,,,,,,,,,56.1,56.5,59.7,59.5,58.2,52.2,55.5,55.8,55.6,57.4,57.1,57.5,57.2,56,55.1,55.9,54.9,54.3,55.1,53.2,52.5,52.7,52,50.6,48,44.5,42.3,40.4,40.1,38.1,36.1,34.9,33.8,33.2,31.5,31.3,30.8,30.4,30.1,30.4,31,28,26.9,25.9
Least developed countries: UN classification,LDC,Poverty headcount ratio at $8.30 a day (2021 PPP) (% of population),SI.POV.UMIC,,,,,,,,,,,,,,,,,,,,,,,,,,,,,,,,,,,,,,,,,,,,,,,,,,,,,,,,,,,,,,,,,
Low income,LIC,Poverty headcount ratio at $8.30 a day (2021 PPP) (% of population),SI.POV.UMIC,,,,,,,,,,,,,,,,,,,,,,,,,,,,,,,,,,,,,,,,,,,90.3,89.4,88.7,88.7,88.5,88.2,87.8,88.1,87.7,87.7,88.5,89.7,90.2,90.4,90.7,90.3,,,91.3,91.7,91.8,92.2,
Liechtenstein,LIE,Poverty headcount ratio at $8.30 a day (2021 PPP) (% of population),SI.POV.UMIC,,,,,,,,,,,,,,,,,,,,,,,,,,,,,,,,,,,,,,,,,,,,,,,,,,,,,,,,,,,,,,,,,
Sri Lanka,LKA,Poverty headcount ratio at $8.30 a day (2021 PPP) (% of population),SI.POV.UMIC,,,,,,,,,,,,,,,,,,,,,,,,,,89.3,,,,,88.9,,,,,84.5,,,,,,,78.9,,,,72.2,,,70.9,,,64.9,,,,56.6,,,53.3,,,,,
Lower middle income,LMC,Poverty headcount ratio at $8.30 a day (2021 PPP) (% of population),SI.POV.UMIC,,,,,,,,,,,,,,,,,,,,,,93.9,94,93.9,93.9,93.7,93.6,93.6,93.5,93.5,93.3,93.4,93.4,93.6,93.4,93.2,92.8,,,,,,92.1,91.9,91.5,91.1,90.6,90.1,89.6,88.8,87.4,86.4,85.5,84.3,83.4,,,,,,80,79.1,77.8,76.3,74.7
Low & middle income,LMY,Poverty headcount ratio at $8.30 a day (2021 PPP) (% of population),SI.POV.UMIC,,,,,,,,,,,,,,,,,,,,,,89.3,89.3,89.5,89.4,89.2,88.5,88.8,88.8,88.6,88.6,88.8,88.9,88.8,88.5,88,87.6,87.2,86.9,86.9,86,85.4,84.5,83.6,82.1,80.7,79.2,77.7,76.4,75.3,73.3,71.6,69.9,67.7,66.2,64.7,63.3,62.2,60.6,59.6,60.6,58.3,57.7,56.2,55.1
Lesotho,LSO,Poverty headcount ratio at $8.30 a day (2021 PPP) (% of population),SI.POV.UMIC,,,,,,,,,,,,,,,,,,,,,,,,,,,90.5,,,,,,,,84.7,,,,,,,,95.9,,,,,,,,,,,,,,,83.8,,,,,,,
Late-demographic dividend,LTE,Poverty headcount ratio at $8.30 a day (2021 PPP) (% of population),SI.POV.UMIC,,,,,,,,,,,,,,,,,,,,,,,,,,,,,,,,,,,,,,,,,,,,,,,,,,,,,,,,,,,,,,,,,
Lithuania,LTU,Poverty headcount ratio at $8.30 a day (2021 PPP) (% of population),SI.POV.UMIC,,,,,,,,,,,,,,,,,,,,,,,,,,,,,,,,,,80.8,,,31.2,,27.4,28,31.9,32.1,32.2,19.3,24.6,17,10,7.5,6.1,12.6,11.9,8.9,8.7,7,7.8,6.8,5.6,5,3.4,2.3,1.8,1.4,2.6,3.2,
Luxembourg,LUX,Poverty headcount ratio at $8.30 a day (2021 PPP) (% of population),SI.POV.UMIC,,,,,,,,,,,,,,,,,,,,,,,,,,0.2,0.2,0.2,0,0,0,0,0,0,0,0.2,0.2,0.1,0,0,0,0,0,0.5,0.1,0.1,0.1,0,0.2,0.3,0.3,0.2,0.3,0.3,0.3,0.8,0.6,1.1,0.8,0.3,0,0.5,0.2,0.2,
Latvia,LVA,Poverty headcount ratio at $8.30 a day (2021 PPP) (% of population),SI.POV.UMIC,,,,,,,,,,,,,,,,,,,,,,,,,,,,,,,,,,48,,35.5,37.3,44.6,40.9,,,,24.7,19.4,23.1,20.3,11.1,7.3,9.2,14,14.6,13.7,12.5,10,8.4,5.7,5.5,5.4,3.6,3.3,2.9,2.4,2.9,2.8,
"Macao SAR, China",MAC,Poverty headcount ratio at $8.30 a day (2021 PPP) (% of population),SI.POV.UMIC,,,,,,,,,,,,,,,,,,,,,,,,,,,,,,,,,,,,,,,,,,,,,,,,,,,,,,,,,,,,,,,,,
St. Martin (French part),MAF,Poverty headcount ratio at $8.30 a day (2021 PPP) (% of population),SI.POV.UMIC,,,,,,,,,,,,,,,,,,,,,,,,,,,,,,,,,,,,,,,,,,,,,,,,,,,,,,,,,,,,,,,,,
Morocco,MAR,Poverty headcount ratio at $8.30 a day (2021 PPP) (% of population),SI.POV.UMIC,,,,,,,,,,,,,,,,,,,,,,,,,82.1,,,,,,65.5,,,,,,,,73.4,,73.2,,,,,,65.1,,,,,,,49,,,,,,,,,,,
Monaco,MCO,Poverty headcount ratio at $8.30 a day (2021 PPP) (% of population),SI.POV.UMIC,,,,,,,,,,,,,,,,,,,,,,,,,,,,,,,,,,,,,,,,,,,,,,,,,,,,,,,,,,,,,,,,,
Moldova,MDA,Poverty headcount ratio at $8.30 a day (2021 PPP) (% of population),SI.POV.UMIC,,,,,,,,,,,,,,,,,,,,,,,,,,,,,,,,,,,,,,76.5,84.4,88.8,91.2,86.4,77.6,70.8,71.4,76.2,43.1,33.7,35.4,34.3,31.7,28,27.3,22.5,21.4,19,19.1,18.8,15.5,16.1,16.7,15.4,19.7,20.4,
Madagascar,MDG,Poverty headcount ratio at $8.30 a day (2021 PPP) (% of population),SI.POV.UMIC,,,,,,,,,,,,,,,,,,,,,93.2,,,,,,,,,,,,,98.1,,,,98.6,,98.5,,89.1,,,,93.1,,,,,94.2,,94.5,,,,,,,,,96.6,,,
Maldives,MDV,Poverty headcount ratio at $8.30 a day (2021 PPP) (% of population),SI.POV.UMIC,,,,,,,,,,,,,,,,,,,,,,,,,,,,,,,,,,,,,,,,,,,81.4,,,,,,,65,,,,,,,11.7,,,11.2,,,,,
"Middle East, North Africa, Afghanistan & Pakistan",MEA,Poverty headcount ratio at $8.30 a day (2021 PPP) (% of population),SI.POV.UMIC,,,,,,,,,,,,,,,,,,,,,,,,,75,74.6,74.8,75.3,75.2,75.7,74.3,74.9,73.9,73.7,73.4,73.5,72.5,71.4,69.3,68.6,67.6,67.8,67.7,68,65.3,64.9,64.4,63.7,62.8,62.1,61.3,60.7,59.9,60.2,60,59.1,59.2,59.1,59.4,59.9,,,,,
Mexico,MEX,Poverty headcount ratio at $8.30 a day (2021 PPP) (% of population),SI.POV.UMIC,,,,,,,,,,,,,,,,,,,,,,,,,59,,,,,60.2,,,54.5,,53.3,,65.6,,62.2,,55.1,,52.9,,50.4,48.4,45.9,,46,,46.3,,44.1,,46.6,,37.8,,35.3,,36.5,,27.4,,
Marshall Islands,MHL,Poverty headcount ratio at $8.30 a day (2021 PPP) (% of population),SI.POV.UMIC,,,,,,,,,,,,,,,,,,,,,,,,,,,,,,,,,,,,,,,,,,,,,,,,,,,,,,,,,,,,36.5,,,,,
Middle income,MIC,Poverty headcount ratio at $8.30 a day (2021 PPP) (% of population),SI.POV.UMIC,,,,,,,,,,,,,,,,,,,,,,,,,,,,,,,,,,,,,,,,,,,,,,,,,,,,,,,,,,,,,,,,,
North Macedonia,MKD,Poverty headcount ratio at $8.30 a day (2021 PPP) (% of population),SI.POV.UMIC,,,,,,,,,,,,,,,,,,,,,,,,,,,,,,,,,,,,,,,44.4,,58.3,,33.1,34.2,23.2,31.4,32.8,,24.1,43.6,40,39.5,37.8,36.5,32.4,30.4,27,24.7,22.7,20.5,,,,,
Mali,MLI,Poverty headcount ratio at $8.30 a day (2021 PPP) (% of population),SI.POV.UMIC,,,,,,,,,,,,,,,,,,,,,,,,,,,,,,,,,,,98.5,,,,,,,96.5,,,,,95.3,,,97.1,,,,,,,,,84.5,,,88.6,,,
Malta,MLT,Poverty headcount ratio at $8.30 a day (2021 PPP) (% of population),SI.POV.UMIC,,,,,,,,,,,,,,,,,,,,,,,,,,,,,,,,,,,,,,,,,,,,,,,1,1.4,0.7,1.1,0.6,0.7,0.5,0.3,0.2,0.4,0.3,0.4,0.4,0.7,1,0.5,0.7,,
Myanmar,MMR,Poverty headcount ratio at $8.30 a day (2021 PPP) (% of population),SI.POV.UMIC,,,,,,,,,,,,,,,,,,,,,,,,,,,,,,,,,,,,,,,,,,,,,,,,,,,,,,,,82.5,,79.8,,,,,,,
"Middle East, North Africa, Afghanistan & Pakistan (excluding high income)",MNA,Poverty headcount ratio at $8.30 a day (2021 PPP) (% of population),SI.POV.UMIC,,,,,,,,,,,,,,,,,,,,,,,,,,,,,,,,,,,,,,,,,,,,,,,,,,,,,,,,,,,,,,,,,
Montenegro,MNE,Poverty headcount ratio at $8.30 a day (2021 PPP) (% of population),SI.POV.UMIC,,,,,,,,,,,,,,,,,,,,,,,,,,,,,,,,,,,,,,,,,,,,,,16.4,16.3,9.5,6.4,7.5,10,12,29.5,28.2,25.9,24.6,20.1,19.2,21.1,17.6,17.6,14.5,,,
Mongolia,MNG,Poverty headcount ratio at $8.30 a day (2021 PPP) (% of population),SI.POV.UMIC,,,,,,,,,,,,,,,,,,,,,,,,,,,,,,,,,,,,81.1,,,94.8,,,,78.3,,,,,53.2,,,51.5,46.5,36.7,,30.6,,44.7,,41.1,,,,24.4,,
Northern Mariana Islands,MNP,Poverty headcount ratio at $8.30 a day (2021 PPP) (% of population),SI.POV.UMIC,,,,,,,,,,,,,,,,,,,,,,,,,,,,,,,,,,,,,,,,,,,,,,,,,,,,,,,,,,,,,,,,,
Mozambique,MOZ,Poverty headcount ratio at $8.30 a day (2021 PPP) (% of population),SI.POV.UMIC,,,,,,,,,,,,,,,,,,,,,,,,,,,,,,,,,,,,,97.7,,,,,,97.9,,,,,,97.5,,,,,,94.6,,,,,96.5,,,96.3,,
Mauritania,MRT,Poverty headcount ratio at $8.30 a day (2021 PPP) (% of population),SI.POV.UMIC,,,,,,,,,,,,,,,,,,,,,,,,,,,,90.9,,,,,,91.3,,85.6,,,,,82.8,,,,84.4,,,,74.1,,,,,,70,,,,,71.2,,,,,
Mauritius,MUS,Poverty headcount ratio at $8.30 a day (2021 PPP) (% of population),SI.POV.UMIC,,,,,,,,,,,,,,,,,,,,,,,,,,,,,,,,,,,,,,,,,,,,,,,30.8,,,,,,26.2,,,,,19.1,,,,,,,
Malawi,MWI,Poverty headcount ratio at $8.30 a day (2021 PPP) (% of population),SI.POV.UMIC,,,,,,,,,,,,,,,,,,,,,,,,,,,,,,,,,,,,,,93.4,,,,,,,96.9,,,,,,96.1,,,,,,96.5,,,97.1,,,,,
Malaysia,MYS,Poverty headcount ratio at $8.30 a day (2021 PPP) (% of population),SI.POV.UMIC,,,,,,,,,,,,,,,,,,,,,,,,,42.2,,,42.9,,42.9,,,39.7,,,38.6,,29.9,,,,,,30.4,,,24.7,,24.2,,,14.7,,7.7,,5.7,,,4.2,,,2.9,,,
North America,NAC,Poverty headcount ratio at $8.30 a day (2021 PPP) (% of population),SI.POV.UMIC,,,,,,,,,,,,,,,,,,,,,,1.7,2.1,2.2,2,1.9,1.9,1.7,1.5,1.5,1.5,1.7,1.8,1.8,1.7,1.6,1.5,1.6,1.6,1.4,1.5,1.7,1.7,1.8,1.8,1.8,1.8,1.7,1.8,1.7,1.9,2,1.9,1.9,2.1,2,1.9,2,1.7,1.6,1.2,0.9,1.9,1.8,1.7
Namibia,NAM,Poverty headcount ratio at $8.30 a day (2021 PPP) (% of population),SI.POV.UMIC,,,,,,,,,,,,,,,,,,,,,,,,,,,,,,,,,,82.2,,,,,,,,,,80.4,,,,,,76.3,,,,,,61.1,,,,,,,,,
New Caledonia,NCL,Poverty headcount ratio at $8.30 a day (2021 PPP) (% of population),SI.POV.UMIC,,,,,,,,,,,,,,,,,,,,,,,,,,,,,,,,,,,,,,,,,,,,,,,,,,,,,,,,,,,,,,,,,
Niger,NER,Poverty headcount ratio at $8.30 a day (2021 PPP) (% of population),SI.POV.UMIC,,,,,,,,,,,,,,,,,,,,,,,,,,,,,,,,,98.9,,98.9,,,,,,,,,,,98.1,,97.8,,,,97.5,,,96.3,,,,94.7,,,96.1,,,
Nigeria,NGA,Poverty headcount ratio at $8.30 a day (2021 PPP) (% of population),SI.POV.UMIC,,,,,,,,,,,,,,,,,,,,,,,,,,91.9,,,,,,,90.6,,,,91.4,,,,,,,92.6,,,,,,,88.7,,88.4,,,87.2,,,88.7,,,,92.9,,
Nicaragua,NIC,Poverty headcount ratio at $8.30 a day (2021 PPP) (% of population),SI.POV.UMIC,,,,,,,,,,,,,,,,,,,,,,,,,,,,,,,,,,82.2,,,,,77.6,,,72.3,,,,65.4,,,,62.1,,,,,46.5,,,,,,,,,,
Netherlands,NLD,Poverty headcount ratio at $8.30 a day (2021 PPP) (% of population),SI.POV.UMIC,,,,,,,,,,,,,,,,,,,,,,,,3,,,,0.7,,,1.7,,,3.2,,,,,,0.7,,,,,0.8,0.5,0.3,0.4,0.6,0.4,0.2,0.4,0.3,0.3,0.4,0.4,0.4,0.4,0.4,0.4,0.3,0.3,,,
Norway,NOR,Poverty headcount ratio at $8.30 a day (2021 PPP) (% of population),SI.POV.UMIC,,,,,,,,,,,,,,,,,,,,1.2,,,,,,,0.5,,,,,0.7,,,,0.7,,,,,0.5,,,0.4,0.6,0.5,0.7,0.5,0.5,0.3,0.4,0.3,0.4,0.4,0.4,0.4,0.7,0.6,0.5,0.5,0.5,0.4,0.7,0.4,
Nepal,NPL,Poverty headcount ratio at $8.30 a day (2021 PPP) (% of population),SI.POV.UMIC,,,,,,,,,,,,,,,,,,,,,,,,,99,,,,,,,,,,,97.1,,,,,,,,91.7,,,,,,,84.4,,,,,,,,,,,,52.6,,
Nauru,NRU,Poverty headcount ratio at $8.30 a day (2021 PPP) (% of population),SI.POV.UMIC,,,,,,,,,,,,,,,,,,,,,,,,,,,,,,,,,,,,,,,,,,,,,,,,,,,,,68.5,,,,,,,,,,,,
New Zealand,NZL,Poverty headcount ratio at $8.30 a day (2021 PPP) (% of population),SI.POV.UMIC,,,,,,,,,,,,,,,,,,,,,,,,,,,,,,,,,,,,,,,,,,,,,,,,,,,,,,,,,,,,,,,,,
OECD members,OED,Poverty headcount ratio at $8.30 a day (2021 PPP) (% of population),SI.POV.UMIC,,,,,,,,,,,,,,,,,,,,,,,,,,,,,,,,,,,,,,,,,,,,,,,,,,,,,,,,,,,,,,,,,
Oman,OMN,Poverty headcount ratio at $8.30 a day (2021 PPP) (% of population),SI.POV.UMIC,,,,,,,,,,,,,,,,,,,,,,,,,,,,,,,,,,,,,,,,,,,,,,,,,,,,,,,,,,,,,,,,,
Other small states,OSS,Poverty headcount ratio at $8.30 a day (2021 PPP) (% of population),SI.POV.UMIC,,,,,,,,,,,,,,,,,,,,,,,,,,,,,,,,,,,,,,,,,,,,,,,,,,,,,,,,,,,,,,,,,
Pakistan,PAK,Poverty headcount ratio at $8.30 a day (2021 PPP) (% of population),SI.POV.UMIC,,,,,,,,,,,,,,,,,,,,,,,,,,,,98.2,,,98.3,,,,,,96,,94.7,,,96.9,,,94.1,94.1,,93.6,,,92.7,91.8,,90,,87.4,,,88.4,,,,,,
Panama,PAN,Poverty headcount ratio at $8.30 a day (2021 PPP) (% of population),SI.POV.UMIC,,,,,,,,,,,,,,,,,,,,51.8,,,,,,,,,,59.9,,59.2,,,,48.9,,49.7,50.2,47.7,46.3,50.6,47.9,46.8,45.3,44.5,44.5,41.2,33.2,32.3,30.2,27.1,26.6,26,24.4,22,20.6,20.7,18.5,17.8,,20.3,,19.8,19.8
Peru,PER,Poverty headcount ratio at $8.30 a day (2021 PPP) (% of population),SI.POV.UMIC,,,,,,,,,,,,,,,,,,,,,,,,,,41.1,,,,,,,,,73,,,65.5,66.3,65.9,67.6,68.4,64.5,64,64.3,66.2,60.6,55.2,50.9,49.1,45.7,42.4,39.8,39.3,38,37.5,36.4,37.3,35.2,33.6,48.1,39.5,37.8,38.3,36.2
Philippines,PHL,Poverty headcount ratio at $8.30 a day (2021 PPP) (% of population),SI.POV.UMIC,,,,,,,,,,,,,,,,,,,,,,,,,,89,,,87.1,,,85.4,,,84.7,,,78,,,73.4,,,73,,,72.5,,,71,,,69.9,,,65.8,,,60.2,,,62.3,,58.7,
Palau,PLW,Poverty headcount ratio at $8.30 a day (2021 PPP) (% of population),SI.POV.UMIC,,,,,,,,,,,,,,,,,,,,,,,,,,,,,,,,,,,,,,,,,,,,,,,,,,,,,,,,,,,,,,,,,
Papua New Guinea,PNG,Poverty headcount ratio at $8.30 a day (2021 PPP) (% of population),SI.POV.UMIC,,,,,,,,,,,,,,,,,,,,,,,,,,,,,,,,,,,,,92.1,,,,,,,,,,,,,92.1,,,,,,,,,,,,,,,
Poland,POL,Poverty headcount ratio at $8.30 a day (2021 PPP) (% of population),SI.POV.UMIC,,,,,,,,,,,,,,,,,,,,,,,,,,11.3,14,10.8,,3.2,,,9.7,39,,25,71.9,,17.7,15,19.7,20.2,21.4,18.4,18.6,14.8,11.1,7,5.9,5.3,5,4.9,5.1,4.9,4.7,3.9,2.7,2.1,1.8,1,1.2,1.1,1.5,1.1,
Pre-demographic dividend,PRE,Poverty headcount ratio at $8.30 a day (2021 PPP) (% of population),SI.POV.UMIC,,,,,,,,,,,,,,,,,,,,,,,,,,,,,,,,,,,,,,,,,,,,,,,,,,,,,,,,,,,,,,,,,
Puerto Rico (US),PRI,Poverty headcount ratio at $8.30 a day (2021 PPP) (% of population),SI.POV.UMIC,,,,,,,,,,,,,,,,,,,,,,,,,,,,,,,,,,,,,,,,,,,,,,,,,,,,,,,,,,,,,,,,,
"Korea, Dem. People's Rep.",PRK,Poverty headcount ratio at $8.30 a day (2021 PPP) (% of population),SI.POV.UMIC,,,,,,,,,,,,,,,,,,,,,,,,,,,,,,,,,,,,,,,,,,,,,,,,,,,,,,,,,,,,,,,,,
Portugal,PRT,Poverty headcount ratio at $8.30 a day (2021 PPP) (% of population),SI.POV.UMIC,,,,,,,,,,,,,,,,,,,,,,,,,,,,,,,,,,,,,,,,,,,,4.9,4.2,3.9,3.7,3.1,3.7,3,3.1,4.8,6.5,6.9,5.9,4.4,4.4,3,2.7,1.9,2.9,1.9,2.8,2.2,
Paraguay,PRY,Poverty headcount ratio at $8.30 a day (2021 PPP) (% of population),SI.POV.UMIC,,,,,,,,,,,,,,,,,,,,,,,,,,,,,,,28.8,,,,,49.3,,43,,46.9,,45.3,57.5,51.4,50.3,46.5,50.4,47,43.9,42.1,39.8,38,33.3,28.8,28.3,27.5,29.7,26.9,25.3,25,27.9,27,25.8,22.8,20.5
West Bank and Gaza,PSE,Poverty headcount ratio at $8.30 a day (2021 PPP) (% of population),SI.POV.UMIC,,,,,,,,,,,,,,,,,,,,,,,,,,,,,,,,,,,,,,,,,,,,,31.5,30,29,35.6,,25.9,27,25.7,,,,,27.7,,,,,,,28.6,
Pacific island small states,PSS,Poverty headcount ratio at $8.30 a day (2021 PPP) (% of population),SI.POV.UMIC,,,,,,,,,,,,,,,,,,,,,,,,,,,,,,,,,,,,,,,,,,,,,,,,,,,,,,,,,,,,,,,,,
Post-demographic dividend,PST,Poverty headcount ratio at $8.30 a day (2021 PPP) (% of population),SI.POV.UMIC,,,,,,,,,,,,,,,,,,,,,,,,,,,,,,,,,,,,,,,,,,,,,,,,,,,,,,,,,,,,,,,,,
French Polynesia,PYF,Poverty headcount ratio at $8.30 a day (2021 PPP) (% of population),SI.POV.UMIC,,,,,,,,,,,,,,,,,,,,,,,,,,,,,,,,,,,,,,,,,,,,,,,,,,,,,,,,,,,,,,,,,
Qatar,QAT,Poverty headcount ratio at $8.30 a day (2021 PPP) (% of population),SI.POV.UMIC,,,,,,,,,,,,,,,,,,,,,,,,,,,,,,,,,,,,,,,,,,,,,,,,,,,,,,,,,,0,,,,,,,
Romania,ROU,Poverty headcount ratio at $8.30 a day (2021 PPP) (% of population),SI.POV.UMIC,,,,,,,,,,,,,,,,,,,,,,,,,,,,,,5.9,,,24.4,,87.6,44.5,,51.2,49.9,77.2,79.5,73.2,70.9,66.9,58.5,54.3,46.1,39.9,32.7,31.3,33.6,36.8,36.9,36.4,32.7,30.9,24,17.9,14.3,11.9,10.8,7.7,8.6,5.1,
Russian Federation,RUS,Poverty headcount ratio at $8.30 a day (2021 PPP) (% of population),SI.POV.UMIC,,,,,,,,,,,,,,,,,,,,,,,,,,,,,,,,,,35.8,,,35.5,32.2,38.3,50.7,45,38.4,33.1,31.1,27.8,23.9,20.1,15.2,10.6,10.3,8.1,7.1,6.4,5.7,3.2,3.9,4,3.7,2.8,3,2,2.2,1.4,0.9,
Rwanda,RWA,Poverty headcount ratio at $8.30 a day (2021 PPP) (% of population),SI.POV.UMIC,,,,,,,,,,,,,,,,,,,,,,,,,,,,,,,,,,,,,,,,,96.3,,,,,94.4,,,,,94.1,,,93.6,,,93.2,,,,,,,89.8,
South Asia,SAS,Poverty headcount ratio at $8.30 a day (2021 PPP) (% of population),SI.POV.UMIC,,,,,,,,,,,,,,,,,,,,,,97.4,97.4,97.1,97.1,96.9,96.9,96.9,96.9,96.9,96.9,97,97,97,96.8,96.6,96.5,,,,,,95.7,95.6,95.4,95.1,94.8,94.4,94.3,94,93.1,92,91.2,90.6,89.9,,,,,,84.8,83.4,81.4,78.8,76.5
Saudi Arabia,SAU,Poverty headcount ratio at $8.30 a day (2021 PPP) (% of population),SI.POV.UMIC,,,,,,,,,,,,,,,,,,,,,,,,,,,,,,,,,,,,,,,,,,,,,,,,,,,,,,,,,,,,,,,,,
Sudan,SDN,Poverty headcount ratio at $8.30 a day (2021 PPP) (% of population),SI.POV.UMIC,,,,,,,,,,,,,,,,,,,,,,,,,,,,,,,,,,,,,,,,,,,,,,,,,,68.4,,,,,73.2,,,,,,,,,,
Senegal,SEN,Poverty headcount ratio at $8.30 a day (2021 PPP) (% of population),SI.POV.UMIC,,,,,,,,,,,,,,,,,,,,,,,,,,,,,,,,95.8,,,96.8,,,,,,,95.2,,,,93.4,,,,,,92,,,,,,,78.2,,,78.6,,,
Singapore,SGP,Poverty headcount ratio at $8.30 a day (2021 PPP) (% of population),SI.POV.UMIC,,,,,,,,,,,,,,,,,,,,,,,,,,,,,,,,,,,,,,,,,,,,,,,,,,,,,,,,,,,,,,,,,
Solomon Islands,SLB,Poverty headcount ratio at $8.30 a day (2021 PPP) (% of population),SI.POV.UMIC,,,,,,,,,,,,,,,,,,,,,,,,,,,,,,,,,,,,,,,,,,,,,,92.6,,,,,,,90.7,,,,,,,,,,,,
Sierra Leone,SLE,Poverty headcount ratio at $8.30 a day (2021 PPP) (% of population),SI.POV.UMIC,,,,,,,,,,,,,,,,,,,,,,,,,,,,,,,,,,,,,,,,,,,,95.7,,,,,,,,94.3,,,,,,,91.5,,,,,,
El Salvador,SLV,Poverty headcount ratio at $8.30 a day (2021 PPP) (% of population),SI.POV.UMIC,,,,,,,,,,,,,,,,,,,,,,,,,,,,,,63.5,,70.5,,,,63.2,64.3,,62.9,60,56,57.2,56.8,58.4,56.9,57.1,56.2,53.1,56,56.6,54.8,56,53.5,49.1,49.3,46.6,44.9,42.4,39.1,34.7,,33.5,32.7,29.9,
San Marino,SMR,Poverty headcount ratio at $8.30 a day (2021 PPP) (% of population),SI.POV.UMIC,,,,,,,,,,,,,,,,,,,,,,,,,,,,,,,,,,,,,,,,,,,,,,,,,,,,,,,,,,,,,,,,,
"Somalia, Fed. Rep.",SOM,Poverty headcount ratio at $8.30 a day (2021 PPP) (% of population),SI.POV.UMIC,,,,,,,,,,,,,,,,,,,,,,,,,,,,,,,,,,,,,,,,,,,,,,,,,,,,,,,,,,,,,,,,,
Serbia,SRB,Poverty headcount ratio at $8.30 a day (2021 PPP) (% of population),SI.POV.UMIC,,,,,,,,,,,,,,,,,,,,,,,,,,,,,,,,,,,,,,,,,,,13.7,19.7,26.8,24.7,19.4,16.7,14.6,16.1,19.8,,29.2,33,32.9,31.8,29,26.2,20.7,15.1,12.6,9.4,10.3,,
Sub-Saharan Africa (excluding high income),SSA,Poverty headcount ratio at $8.30 a day (2021 PPP) (% of population),SI.POV.UMIC,,,,,,,,,,,,,,,,,,,,,,,,,,,,,,,,,,,,,,,,,,,,,,,,,,,,,,,,,,,,,,,,,
South Sudan,SSD,Poverty headcount ratio at $8.30 a day (2021 PPP) (% of population),SI.POV.UMIC,,,,,,,,,,,,,,,,,,,,,,,,,,,,,,,,,,,,,,,,,,,,,,,,,,84.9,,,,,,,97.6,,,,,,,,
Sub-Saharan Africa,SSF,Poverty headcount ratio at $8.30 a day (2021 PPP) (% of population),SI.POV.UMIC,,,,,,,,,,,,,,,,,,,,,,,,,,,,,,,90.5,90.8,91.1,91.7,91.8,91.7,91.4,91.3,91.4,91.6,91.7,91.5,91.4,91.5,91.1,90.7,90.1,89.8,89.3,89.2,88.7,88.5,88.2,87.8,87.5,87.4,87.4,87.4,87.5,87.6,88.7,89,89,89.2,89
Small states,SST,Poverty headcount ratio at $8.30 a day (2021 PPP) (% of population),SI.POV.UMIC,,,,,,,,,,,,,,,,,,,,,,,,,,,,,,,,,,,,,,,,,,,,,,,,,,,,,,,,,,,,,,,,,
Sao Tome and Principe,STP,Poverty headcount ratio at $8.30 a day (2021 PPP) (% of population),SI.POV.UMIC,,,,,,,,,,,,,,,,,,,,,,,,,,,,,,,,,,,,,,,,,78.2,,,,,,,,,,83,,,,,,,70,,,,,,,
Suriname,SUR,Poverty headcount ratio at $8.30 a day (2021 PPP) (% of population),SI.POV.UMIC,,,,,,,,,,,,,,,,,,,,,,,,,,,,,,,,,,,,,,,,46.9,,,,,,,,,,,,,,,,,,,,,,,20.9,,
Slovak Republic,SVK,Poverty headcount ratio at $8.30 a day (2021 PPP) (% of population),SI.POV.UMIC,,,,,,,,,,,,,,,,,,,,,,,,,,,,,,,,,3.2,,,,9.5,,,,,,,,10.2,6.4,4.2,3.8,4.6,4.6,4.6,3.5,5,5,5.2,5,4.8,3,3.8,2.5,2.3,2.8,6.6,4.1,
Slovenia,SVN,Poverty headcount ratio at $8.30 a day (2021 PPP) (% of population),SI.POV.UMIC,,,,,,,,,,,,,,,,,,,,,,,,,,,,0,,,,,,0,,,,1,0,1.2,,,1.2,1.9,0.6,0.6,0.5,0.3,0.2,0.3,0.2,0.3,0.5,0.6,0.3,0.4,0.3,0.1,0.2,0.1,0.1,0.1,0.2,0.1,
Sweden,SWE,Poverty headcount ratio at $8.30 a day (2021 PPP) (% of population),SI.POV.UMIC,,,,,,,,,,,,,,,,1.2,,,,,,1.2,,,,,,1,,,,,1,,,1.7,,,,,0.7,0.5,0.5,1.1,1.1,1.9,1.1,1,1.2,1.2,1.4,1.5,1.2,1.4,1.2,1.2,1,0.8,1.5,1,1,1.5,1.7,1.5,
Eswatini,SWZ,Poverty headcount ratio at $8.30 a day (2021 PPP) (% of population),SI.POV.UMIC,,,,,,,,,,,,,,,,,,,,,,,,,,,,,,,,,,,98,,,,,,90.4,,,,,,,,,88.1,,,,,,,79.3,,,,,,,,
Sint Maarten (Dutch part),SXM,Poverty headcount ratio at $8.30 a day (2021 PPP) (% of population),SI.POV.UMIC,,,,,,,,,,,,,,,,,,,,,,,,,,,,,,,,,,,,,,,,,,,,,,,,,,,,,,,,,,,,,,,,,
Seychelles,SYC,Poverty headcount ratio at $8.30 a day (2021 PPP) (% of population),SI.POV.UMIC,,,,,,,,,,,,,,,,,,,,,,,,,,,,,,,,,,,,,,,,17.7,,,,,,,22.8,,,,,,,12,,,,,8.4,,,,,,
Syrian Arab Republic,SYR,Poverty headcount ratio at $8.30 a day (2021 PPP) (% of population),SI.POV.UMIC,,,,,,,,,,,,,,,,,,,,,,,,,,,,,,,,,,,,,41.8,,,,,,,29.7,,,31.7,,,32,,,,,,,,,,,,,87.9,,
Turks and Caicos Islands,TCA,Poverty headcount ratio at $8.30 a day (2021 PPP) (% of population),SI.POV.UMIC,,,,,,,,,,,,,,,,,,,,,,,,,,,,,,,,,,,,,,,,,,,,,,,,,,,,,,,,,,,,,,,,,
Chad,TCD,Poverty headcount ratio at $8.30 a day (2021 PPP) (% of population),SI.POV.UMIC,,,,,,,,,,,,,,,,,,,,,,,,,,,,,,,,,,,,,,,,,,,,96.2,,,,,,,,88.5,,,,,,,90.1,,,,89.5,,
East Asia & Pacific (IDA & IBRD countries),TEA,Poverty headcount ratio at $8.30 a day (2021 PPP) (% of population),SI.POV.UMIC,,,,,,,,,,,,,,,,,,,,,,,,,,,,,,,,,,,,,,,,,,,,,,,,,,,,,,,,,,,,,,,,,
Europe & Central Asia (IDA & IBRD countries),TEC,Poverty headcount ratio at $8.30 a day (2021 PPP) (% of population),SI.POV.UMIC,,,,,,,,,,,,,,,,,,,,,,,,,,,,,,,,,,,,,,,,,,,,,,,,,,,,,,,,,,,,,,,,,
Togo,TGO,Poverty headcount ratio at $8.30 a day (2021 PPP) (% of population),SI.POV.UMIC,,,,,,,,,,,,,,,,,,,,,,,,,,,,,,,,,,,,,,,,,,,,,,,94.8,,,,,93.6,,,,94.2,,,84.1,,,86.8,,,
Thailand,THA,Poverty headcount ratio at $8.30 a day (2021 PPP) (% of population),SI.POV.UMIC,,,,,,,,,,,,,,,,,,,,,,78.5,,,,,,,77.9,,74,,68,,62.5,,58.6,,56.3,60.6,61.2,,53.3,,46.7,,39.5,37.4,35.2,32.2,30,25.5,24.9,21.8,20.9,16.9,17.9,17.2,17.8,15.2,15.1,14.1,9.9,9.9,
Tajikistan,TJK,Poverty headcount ratio at $8.30 a day (2021 PPP) (% of population),SI.POV.UMIC,,,,,,,,,,,,,,,,,,,,,,,,,,,,,,,,,,,,,,,,99.4,,,,96.4,90.5,,,89.7,,82,,,,,,74.1,,,,,,64.9,59.7,55.7,55.4
Turkmenistan,TKM,Poverty headcount ratio at $8.30 a day (2021 PPP) (% of population),SI.POV.UMIC,,,,,,,,,,,,,,,,,,,,,,,,,,,,,,,,,,,,,,,84.6,,,,,,,,,,,,,,,,,,,,,,,,,,
Latin America & the Caribbean (IDA & IBRD countries),TLA,Poverty headcount ratio at $8.30 a day (2021 PPP) (% of population),SI.POV.UMIC,,,,,,,,,,,,,,,,,,,,,,,,,,,,,,,,,,,,,,,,,,,,,,,,,,,,,,,,,,,,,,,,,
Timor-Leste,TLS,Poverty headcount ratio at $8.30 a day (2021 PPP) (% of population),SI.POV.UMIC,,,,,,,,,,,,,,,,,,,,,,,,,,,,,,,,,,,,,,,,,,95.1,,,,,,98.5,,,,,,,96,,,,,,,,,,
"Middle East, North Africa, Afghanistan & Pakistan (IDA & IBRD)",TMN,Poverty headcount ratio at $8.30 a day (2021 PPP) (% of population),SI.POV.UMIC,,,,,,,,,,,,,,,,,,,,,,,,,,,,,,,,,,,,,,,,,,,,,,,,,,,,,,,,,,,,,,,,,
Tonga,TON,Poverty headcount ratio at $8.30 a day (2021 PPP) (% of population),SI.POV.UMIC,,,,,,,,,,,,,,,,,,,,,,,,,,,,,,,,,,,,,,,,,40.5,,,,,,,,,45.4,,,,,,55.3,,,,,,26.7,,,
South Asia (IDA & IBRD),TSA,Poverty headcount ratio at $8.30 a day (2021 PPP) (% of population),SI.POV.UMIC,,,,,,,,,,,,,,,,,,,,,,,,,,,,,,,,,,,,,,,,,,,,,,,,,,,,,,,,,,,,,,,,,
Sub-Saharan Africa (IDA & IBRD countries),TSS,Poverty headcount ratio at $8.30 a day (2021 PPP) (% of population),SI.POV.UMIC,,,,,,,,,,,,,,,,,,,,,,,,,,,,,,,,,,,,,,,,,,,,,,,,,,,,,,,,,,,,,,,,,
Trinidad and Tobago,TTO,Poverty headcount ratio at $8.30 a day (2021 PPP) (% of population),SI.POV.UMIC,,,,,,,,,,,,,,,,,,,,,,,,,,,,,20.5,,,,30.5,,,,,,,,,,,,,,,,,,,,,,,,,,,,,,,,
Tunisia,TUN,Poverty headcount ratio at $8.30 a day (2021 PPP) (% of population),SI.POV.UMIC,,,,,,,,,,,,,,,,,,,,,,,,,,72.5,,,,,66.4,,,,,66.3,,,,,57.3,,,,,49,,,,,34.6,,,,,23.7,,,,,,20.7,,,
Turkiye,TUR,Poverty headcount ratio at $8.30 a day (2021 PPP) (% of population),SI.POV.UMIC,,,,,,,,,,,,,,,,,,,,,,,,,,,,56.7,,,,,,,54.7,,,,,,,,50.5,54.3,41,38.9,35.9,31.5,26.9,28,26.3,23.8,22.3,20.6,20.3,21,18.6,16.7,15.6,15.9,15,12.9,10.8,,
Tuvalu,TUV,Poverty headcount ratio at $8.30 a day (2021 PPP) (% of population),SI.POV.UMIC,,,,,,,,,,,,,,,,,,,,,,,,,,,,,,,,,,,,,,,,,,,,,,,,,,,60.6,,,,,,,,,,,,,,
Tanzania,TZA,Poverty headcount ratio at $8.30 a day (2021 PPP) (% of population),SI.POV.UMIC,,,,,,,,,,,,,,,,,,,,,,,,,,,,,,,,98,,,,,,,,,99.4,,,,,,,94.7,,,,92.9,,,,,,,91.5,,,,,,
Uganda,UGA,Poverty headcount ratio at $8.30 a day (2021 PPP) (% of population),SI.POV.UMIC,,,,,,,,,,,,,,,,,,,,,,,,,,,,,,96.2,,,97.6,,,,97.6,,,97.2,,,96.4,,,95.8,,,,93.2,,,92.4,,,,92.9,,,93.6,,,,,
Ukraine,UKR,Poverty headcount ratio at $8.30 a day (2021 PPP) (% of population),SI.POV.UMIC,,,,,,,,,,,,,,,,,,,,,,,,,,,,,,,,,64.2,65.8,,66.6,75.7,,,90.3,,,70,62.7,53.3,39.2,34.2,34.6,23.6,27.5,22,18.5,16.5,12.5,13.8,22.7,21.6,17,14.7,10.6,11.3,,,,
Upper middle income,UMC,Poverty headcount ratio at $8.30 a day (2021 PPP) (% of population),SI.POV.UMIC,,,,,,,,,,,,,,,,,,,,,,85.7,85.6,86,85.8,85.4,84.2,84.8,84.9,84.5,84.6,84.8,85,84.7,84.1,83,82.6,82.2,81.7,81.7,79.8,78.5,76.6,75.1,72.4,69.7,66.9,64.1,61.8,60,56.9,54,51,46.9,44.3,41.8,39.4,37.5,34.9,33.2,33.6,29.1,28.6,26.4,25.1
Uruguay,URY,Poverty headcount ratio at $8.30 a day (2021 PPP) (% of population),SI.POV.UMIC,,,,,,,,,,,,,,,,,,,,,,17.1,,,,,,,,13.3,,,11,,,10.9,11.5,11.8,11.7,,11.7,14,18.3,24.3,25,22.5,22.1,19.4,14.6,13.4,11.9,8.4,7.8,7.2,6.2,5.9,5.6,4.5,4.9,5,7.1,6.7,6.3,6.6,5.9
United States,USA,Poverty headcount ratio at $8.30 a day (2021 PPP) (% of population),SI.POV.UMIC,,,,5.2,5,4.2,4.5,3.7,3.2,2.7,3.2,3,2.7,2.7,2.7,2.7,2.2,2.2,2.5,1.7,1.7,1.7,2.2,2.2,2,2,2,1.7,1.7,1.5,1.5,1.7,2,2,1.7,1.7,1.5,1.7,1.7,1.5,1.7,2,2,2,2,2,2,2,2,2,2.2,2.2,2.2,2,2.2,2.2,2,2.2,2,1.7,1.5,1,2.2,2,
Uzbekistan,UZB,Poverty headcount ratio at $8.30 a day (2021 PPP) (% of population),SI.POV.UMIC,,,,,,,,,,,,,,,,,,,,,,,,,,,,,,,,,,,,,,,97.6,,99.6,,99.6,99.7,,,,,,,,,,,,,,,,,,38.1,32.4,24.6,20.7
St. Vincent and the Grenadines,VCT,Poverty headcount ratio at $8.30 a day (2021 PPP) (% of population),SI.POV.UMIC,,,,,,,,,,,,,,,,,,,,,,,,,,,,,,,,,,,,,,,,,,,,,,,,,,,,,,,,,,,,,,,,,
"Venezuela, RB",VEN,Poverty headcount ratio at $8.30 a day (2021 PPP) (% of population),SI.POV.UMIC,,,,,,,,,,,,,,,,,,,,,,42.3,,,,,,45.4,,36.8,,,39.1,,,55.8,,,52.6,58.1,,55.3,64.7,70.8,65.7,55.7,43.3,,,,,,,,,,,,,,,,,,
British Virgin Islands,VGB,Poverty headcount ratio at $8.30 a day (2021 PPP) (% of population),SI.POV.UMIC,,,,,,,,,,,,,,,,,,,,,,,,,,,,,,,,,,,,,,,,,,,,,,,,,,,,,,,,,,,,,,,,,
Virgin Islands (U.S.),VIR,Poverty headcount ratio at $8.30 a day (2021 PPP) (% of population),SI.POV.UMIC,,,,,,,,,,,,,,,,,,,,,,,,,,,,,,,,,,,,,,,,,,,,,,,,,,,,,,,,,,,,,,,,,
Viet Nam,VNM,Poverty headcount ratio at $8.30 a day (2021 PPP) (% of population),SI.POV.UMIC,,,,,,,,,,,,,,,,,,,,,,,,,,,,,,,,,94.8,,,,,89.9,,,,,89.6,,85.4,,81.8,,79,,49.6,,43.2,,37.9,,29.8,,24.2,,20.4,,21.5,,
Vanuatu,VUT,Poverty headcount ratio at $8.30 a day (2021 PPP) (% of population),SI.POV.UMIC,,,,,,,,,,,,,,,,,,,,,,,,,,,,,,,,,,,,,,,,,,,,,,,,,,,82,,,,,,,,,81.3,,,,,
World,WLD,Poverty headcount ratio at $8.30 a day (2021 PPP) (% of population),SI.POV.UMIC,,,,,,,,,,,,,,,,,,,,,,69.5,69.7,70,70.1,70.1,69.7,70,70.1,70.1,70.4,70.7,71.1,71.7,71.8,71.2,71.3,70.9,70.8,71.3,70.6,70,69.3,68.7,67.4,66.2,65,63.7,62.6,61.7,60.2,58.9,57.6,55.9,54.8,53.6,52.5,51.6,50.5,,50.5,48.8,48.3,47.1,46.3
Samoa,WSM,Poverty headcount ratio at $8.30 a day (2021 PPP) (% of population),SI.POV.UMIC,,,,,,,,,,,,,,,,,,,,,,,,,,,,,,,,,,,,,,,,,,,51.8,,,,,,49.6,,,,,49.4,,,,,,,,,,,
Kosovo,XKX,Poverty headcount ratio at $8.30 a day (2021 PPP) (% of population),SI.POV.UMIC,,,,,,,,,,,,,,,,,,,,,,,,,,,,,,,,,,,,,,,,,,,,81.3,,78.1,79.6,,,73.6,71.1,72.2,59.4,58.5,57.5,54.1,53.4,49.5,54.7,38.3,38.9,47,38.2,,
"Yemen, Rep.",YEM,Poverty headcount ratio at $8.30 a day (2021 PPP) (% of population),SI.POV.UMIC,,,,,,,,,,,,,,,,,,,,,,,,,,,,,,,,,,,,,,,73.9,,,,,,,85.1,,,,,,,,,88,,,,,,,,,,
South Africa,ZAF,Poverty headcount ratio at $8.30 a day (2021 PPP) (% of population),SI.POV.UMIC,,,,,,,,,,,,,,,,,,,,,,,,,,,,,,,,,,75.4,,,,,,,78.5,,,,,75.6,,,67.1,,65.8,,,,66.2,,,,,,,,,,
Zambia,ZMB,Poverty headcount ratio at $8.30 a day (2021 PPP) (% of population),SI.POV.UMIC,,,,,,,,,,,,,,,,,,,,,,,,,,,,,,,,90,,92.8,,,90.2,,90.6,,,,95.7,,92.7,,93.3,,,,93.5,,,,,92,,,,,,,94,,
Zimbabwe,ZWE,Poverty headcount ratio at $8.30 a day (2021 PPP) (% of population),SI.POV.UMIC,,,,,,,,,,,,,,,,,,,,,,,,,,,,,,,,,,,,,,,,,,,,,,,,,,,,83.2,,,,,,85.5,,86.2,,,,,
